"Date","Qobs"
2007-03-17,80
2007-03-18,55.6
2007-03-19,37.7
2007-03-20,38
2007-03-21,36.9
2007-03-22,34.6
2007-03-23,46.5
2007-03-24,40.4
2007-03-25,40.5
2007-03-26,36.3
2007-03-27,39.3
2007-03-28,34.9
2007-03-29,29.3
2007-03-30,26.4
2007-03-31,25
2007-04-01,25.3
2007-04-02,40.3
2007-04-03,33.8
2007-04-04,33.8
2007-04-05,81.1
2007-04-06,48.1
2007-04-07,38.5
2007-04-08,33.9
2007-04-09,30.8
2007-04-10,28.2
2007-04-11,26.2
2007-04-12,36.5
2007-04-13,52.8
2007-04-14,34.9
2007-04-15,59.9
2007-04-16,205
2007-04-17,89.8
2007-04-18,70.9
2007-04-19,59.3
2007-04-20,51.3
2007-04-21,46
2007-04-22,40.6
2007-04-23,36.7
2007-04-24,34.1
2007-04-25,31.5
2007-04-26,32.1
2007-04-27,49.8
2007-04-28,49.3
2007-04-29,38.2
2007-04-30,34.5
2007-05-01,30.5
2007-05-02,30.8
2007-05-03,28.1
2007-05-04,25.2
2007-05-05,23.6
2007-05-06,22.6
2007-05-07,21.4
2007-05-08,20.8
2007-05-09,20.2
2007-05-10,19.9
2007-05-11,20
2007-05-12,18.5
2007-05-13,16.6
2007-05-14,15.4
2007-05-15,14.7
2007-05-16,15
2007-05-17,19.3
2007-05-18,28.1
2007-05-19,54
2007-05-20,34.9
2007-05-21,28.4
2007-05-22,23.4
2007-05-23,20.3
2007-05-24,19.1
2007-05-25,18.6
2007-05-26,15.8
2007-05-27,13.5
2007-05-28,13
2007-05-29,11.9
2007-05-30,11.1
2007-05-31,10.9
2007-06-01,11.3
2007-06-02,10.2
2007-06-03,10.5
2007-06-04,56
2007-06-05,50.5
2007-06-06,30.8
2007-06-07,20
2007-06-08,15.9
2007-06-09,22.3
2007-06-10,31.1
2007-06-11,20.4
2007-06-12,17.9
2007-06-13,14.3
2007-06-14,11.9
2007-06-15,10.7
2007-06-16,9.86
2007-06-17,9.6
2007-06-18,8.99
2007-06-19,8.27
2007-06-20,8.49
2007-06-21,8.07
2007-06-22,7.28
2007-06-23,6.8
2007-06-24,6.24
2007-06-25,5.98
2007-06-26,5.75
2007-06-27,7.25
2007-06-28,15.2
2007-06-29,12.4
2007-06-30,8.23
2007-07-01,6.67
2007-07-02,4.6
2007-07-03,3.61
2007-07-04,4.94
2007-07-05,20
2007-07-06,17.8
2007-07-07,11.5
2007-07-08,7.71
2007-07-09,5.02
2007-07-10,3.93
2007-07-11,3.72
2007-07-12,3.68
2007-07-13,3.06
2007-07-14,2.78
2007-07-15,10.5
2007-07-16,8.38
2007-07-17,5.92
2007-07-18,7.51
2007-07-19,6.16
2007-07-20,7.58
2007-07-21,10.5
2007-07-22,6.33
2007-07-23,8.6
2007-07-24,7.82
2007-07-25,5.89
2007-07-26,4.29
2007-07-27,3.48
2007-07-28,3.34
2007-07-29,6.52
2007-07-30,6.37
2007-07-31,3.88
2007-08-01,3
2007-08-02,4.74
2007-08-03,4.14
2007-08-04,3.64
2007-08-05,2.62
2007-08-06,2.1
2007-08-07,2.19
2007-08-08,2.48
2007-08-09,2.4
2007-08-10,8.45
2007-08-11,6.84
2007-08-12,4.35
2007-08-13,8.96
2007-08-14,9.64
2007-08-15,5.69
2007-08-16,4.06
2007-08-17,3.38
2007-08-18,3.11
2007-08-19,2.6
2007-08-20,2.27
2007-08-21,2.23
2007-08-22,4.73
2007-08-23,3.75
2007-08-24,3.24
2007-08-25,2.91
2007-08-26,2.71
2007-08-27,2.46
2007-08-28,2.2
2007-08-29,1.97
2007-08-30,1.79
2007-08-31,1.69
2007-09-01,1.5
2007-09-02,1.27
2007-09-03,1.29
2007-09-04,1.29
2007-09-05,1.2
2007-09-06,1.2
2007-09-07,1.26
2007-09-08,1.29
2007-09-09,1.29
2007-09-10,1.54
2007-09-11,12.9
2007-09-12,10.1
2007-09-13,5.38
2007-09-14,4.16
2007-09-15,5.46
2007-09-16,5.48
2007-09-17,4.07
2007-09-18,3.44
2007-09-19,3.08
2007-09-20,2.8
2007-09-21,2.54
2007-09-22,2.44
2007-09-23,2.32
2007-09-24,2.03
2007-09-25,1.95
2007-09-26,1.89
2007-09-27,1.95
2007-09-28,2.05
2007-09-29,1.7
2007-09-30,2.87
2007-10-01,2.34
2007-10-02,2.08
2007-10-03,1.92
2007-10-04,1.68
2007-10-05,1.59
2007-10-06,1.57
2007-10-07,1.5
2007-10-08,1.64
2007-10-09,1.72
2007-10-10,1.88
2007-10-11,1.99
2007-10-12,2.55
2007-10-13,1.83
2007-10-14,1.89
2007-10-15,3.26
2007-10-16,2.3
2007-10-17,1.72
2007-10-18,1.65
2007-10-19,3.26
2007-10-20,11.3
2007-10-21,4.63
2007-10-22,3.91
2007-10-23,3.19
2007-10-24,2.9
2007-10-25,2.84
2007-10-26,2.47
2007-10-27,3.23
2007-10-28,3.78
2007-10-29,6.98
2007-10-30,5.01
2007-10-31,4.22
2007-11-01,3.9
2007-11-02,3
2007-11-03,5.39
2007-11-04,5.78
2007-11-05,3.97
2007-11-06,6.48
2007-11-07,5.48
2007-11-08,3.97
2007-11-09,3.39
2007-11-10,3.2
2007-11-11,2.94
2007-11-12,2.85
2007-11-13,3.95
2007-11-14,3.32
2007-11-15,5.08
2007-11-16,12.3
2007-11-17,8.25
2007-11-18,5.83
2007-11-19,4.67
2007-11-20,4.42
2007-11-21,4.46
2007-11-22,4.38
2007-11-23,3.88
2007-11-24,3.37
2007-11-25,3.34
2007-11-26,7.15
2007-11-27,10.6
2007-11-28,5.89
2007-11-29,5.08
2007-11-30,4.64
2007-12-01,4.33
2007-12-02,3.95
2007-12-03,8.05
2007-12-04,5.82
2007-12-05,4.68
2007-12-06,4.41
2007-12-07,4.17
2007-12-08,4.24
2007-12-09,4.11
2007-12-10,5.36
2007-12-11,4.91
2007-12-12,6.55
2007-12-13,5.04
2007-12-14,5.64
2007-12-15,5.77
2007-12-16,9.61
2007-12-17,10.3
2007-12-18,9.6
2007-12-19,8.26
2007-12-20,10
2007-12-21,8.66
2007-12-22,7.73
2007-12-23,12.2
2007-12-24,44.7
2007-12-25,19.4
2007-12-26,14.2
2007-12-27,13.4
2007-12-28,13.1
2007-12-29,20.3
2007-12-30,17.5
2007-12-31,19.1
2008-01-01,18.4
2008-01-02,18
2008-01-03,13.7
2008-01-04,11.9
2008-01-05,11.2
2008-01-06,10.6
2008-01-07,10.9
2008-01-08,11.4
2008-01-09,10.7
2008-01-10,9.42
2008-01-11,25.6
2008-01-12,25.2
2008-01-13,16.2
2008-01-14,15.8
2008-01-15,15
2008-01-16,13.4
2008-01-17,12.1
2008-01-18,24.3
2008-01-19,21.8
2008-01-20,16.4
2008-01-21,14.6
2008-01-22,14
2008-01-23,13.1
2008-01-24,12.2
2008-01-25,11.5
2008-01-26,11
2008-01-27,11.1
2008-01-28,10.7
2008-01-29,10.6
2008-01-30,13.6
2008-01-31,12.7
2008-02-01,19.6
2008-02-02,39.4
2008-02-03,23.6
2008-02-04,19.6
2008-02-05,20.7
2008-02-06,23.6
2008-02-07,28
2008-02-08,22.6
2008-02-09,19.7
2008-02-10,22.7
2008-02-11,19.3
2008-02-12,20.6
2008-02-13,84.4
2008-02-14,103
2008-02-15,52.7
2008-02-16,41.4
2008-02-17,35.2
2008-02-18,48.6
2008-02-19,45.4
2008-02-20,34.8
2008-02-21,29.3
2008-02-22,27.2
2008-02-23,27.1
2008-02-24,25.3
2008-02-25,24.5
2008-02-26,25.3
2008-02-27,43.6
2008-02-28,31.6
2008-02-29,25
2008-03-01,28
2008-03-02,28.1
2008-03-03,25.5
2008-03-04,30.2
2008-03-05,44.7
2008-03-06,38.9
2008-03-07,39.7
2008-03-08,150
2008-03-09,123
2008-03-10,67.4
2008-03-11,56.3
2008-03-12,52.9
2008-03-13,47.6
2008-03-14,42.3
2008-03-15,45.3
2008-03-16,42.5
2008-03-17,35.8
2008-03-18,31.6
2008-03-19,36.4
2008-03-20,57.5
2008-03-21,42.9
2008-03-22,34.3
2008-03-23,31.2
2008-03-24,29.1
2008-03-25,27.1
2008-03-26,25.8
2008-03-27,24.3
2008-03-28,24.5
2008-03-29,23.6
2008-03-30,21.4
2008-03-31,21.4
2008-04-01,29.5
2008-04-02,30.3
2008-04-03,24.3
2008-04-04,40.5
2008-04-05,44.7
2008-04-06,31.8
2008-04-07,27.9
2008-04-08,25.6
2008-04-09,24.2
2008-04-10,22.5
2008-04-11,19.2
2008-04-12,23.4
2008-04-13,20.8
2008-04-14,17.8
2008-04-15,19.5
2008-04-16,21.2
2008-04-17,19
2008-04-18,18.5
2008-04-19,15.4
2008-04-20,16.5
2008-04-21,14.2
2008-04-22,13
2008-04-23,12.6
2008-04-24,12.3
2008-04-25,11.5
2008-04-26,10.9
2008-04-27,10.7
2008-04-28,18.6
2008-04-29,68.4
2008-04-30,46.8
2008-05-01,31.6
2008-05-02,26.5
2008-05-03,25.9
2008-05-04,26.3
2008-05-05,24.1
2008-05-06,21.8
2008-05-07,20.1
2008-05-08,21
2008-05-09,23.4
2008-05-10,26.1
2008-05-11,20.3
2008-05-12,17.8
2008-05-13,16
2008-05-14,14.2
2008-05-15,13.3
2008-05-16,13.8
2008-05-17,21
2008-05-18,17
2008-05-19,15.3
2008-05-20,14.2
2008-05-21,16.5
2008-05-22,14.3
2008-05-23,13
2008-05-24,12
2008-05-25,11.7
2008-05-26,10.9
2008-05-27,10.7
2008-05-28,9.71
2008-05-29,8.92
2008-05-30,8.08
2008-05-31,8.05
2008-06-01,8.34
2008-06-02,7.38
2008-06-03,24.7
2008-06-04,24.5
2008-06-05,18.3
2008-06-06,14.1
2008-06-07,11.9
2008-06-08,17.3
2008-06-09,14.1
2008-06-10,11
2008-06-11,8.8
2008-06-12,5.96
2008-06-13,4.73
2008-06-14,4.35
2008-06-15,6.53
2008-06-16,6.78
2008-06-17,17.3
2008-06-18,10.4
2008-06-19,9.85
2008-06-20,6.8
2008-06-21,5.55
2008-06-22,13
2008-06-23,10.5
2008-06-24,73.9
2008-06-25,61.8
2008-06-26,26.4
2008-06-27,20.3
2008-06-28,15.6
2008-06-29,12.2
2008-06-30,10.4
2008-07-01,8.7
2008-07-02,7.7
2008-07-03,6.4
2008-07-04,5.43
2008-07-05,12.7
2008-07-06,11.3
2008-07-07,8.88
2008-07-08,7.56
2008-07-09,6.29
2008-07-10,5.11
2008-07-11,4.63
2008-07-12,4.91
2008-07-13,3.87
2008-07-14,5.58
2008-07-15,4.26
2008-07-16,3.04
2008-07-17,2.7
2008-07-18,2.32
2008-07-19,3.16
2008-07-20,2.61
2008-07-21,2.41
2008-07-22,2.14
2008-07-23,7.79
2008-07-24,24.1
2008-07-25,31.3
2008-07-26,13.8
2008-07-27,12.5
2008-07-28,23.7
2008-07-29,12
2008-07-30,7.72
2008-07-31,5.54
2008-08-01,4.38
2008-08-02,3.75
2008-08-03,3.89
2008-08-04,13.8
2008-08-05,9.28
2008-08-06,9.06
2008-08-07,6.76
2008-08-08,5.61
2008-08-09,4.74
2008-08-10,3.82
2008-08-11,202
2008-08-12,76.2
2008-08-13,39.4
2008-08-14,29.8
2008-08-15,24.8
2008-08-16,20.7
2008-08-17,17.3
2008-08-18,14.9
2008-08-19,13.2
2008-08-20,11.5
2008-08-21,10.5
2008-08-22,9.56
2008-08-23,8.57
2008-08-24,8.12
2008-08-25,8.05
2008-08-26,7.12
2008-08-27,6.31
2008-08-28,5.93
2008-08-29,5.43
2008-08-30,6.79
2008-08-31,18.4
2008-09-01,15.9
2008-09-02,10.7
2008-09-03,6.84
2008-09-04,5.56
2008-09-05,5.21
2008-09-06,39.7
2008-09-07,88.5
2008-09-08,32.6
2008-09-09,25.8
2008-09-10,24.5
2008-09-11,19.9
2008-09-12,23.7
2008-09-13,28.4
2008-09-14,28.8
2008-09-15,26.4
2008-09-16,20
2008-09-17,17.2
2008-09-18,15.2
2008-09-19,12.3
2008-09-20,10.5
2008-09-21,9.59
2008-09-22,8.35
2008-09-23,6.61
2008-09-24,6.35
2008-09-25,6.4
2008-09-26,42
2008-09-27,67.6
2008-09-28,73.8
2008-09-29,71.9
2008-09-30,53.2
2008-10-01,45
2008-10-02,37.9
2008-10-03,32.4
2008-10-04,28.3
2008-10-05,26.2
2008-10-06,24.9
2008-10-07,22.4
2008-10-08,20.8
2008-10-09,21.6
2008-10-10,19.9
2008-10-11,17.8
2008-10-12,16.9
2008-10-13,15.7
2008-10-14,14.3
2008-10-15,13.5
2008-10-16,12.6
2008-10-17,11.6
2008-10-18,9.96
2008-10-19,8.61
2008-10-20,8.59
2008-10-21,12.3
2008-10-22,11.4
2008-10-23,8.98
2008-10-24,8.29
2008-10-25,8.45
2008-10-26,32.4
2008-10-27,19.7
2008-10-28,28.1
2008-10-29,29
2008-10-30,25.1
2008-10-31,32.7
2008-11-01,28.8
2008-11-02,24.7
2008-11-03,21.6
2008-11-04,19.4
2008-11-05,17.6
2008-11-06,22.8
2008-11-07,30
2008-11-08,21.9
2008-11-09,20.5
2008-11-10,17.3
2008-11-11,15.3
2008-11-12,12.8
2008-11-13,11.7
2008-11-14,13.9
2008-11-15,19.5
2008-11-16,35.9
2008-11-17,24.5
2008-11-18,18.9
2008-11-19,16.5
2008-11-20,15.1
2008-11-21,14.6
2008-11-22,13.6
2008-11-23,12.8
2008-11-24,12.8
2008-11-25,37.9
2008-11-26,40.1
2008-11-27,27.4
2008-11-28,23.2
2008-11-29,20.4
2008-11-30,22.9
2008-12-01,40.6
2008-12-02,29.6
2008-12-03,24.3
2008-12-04,22
2008-12-05,20.6
2008-12-06,19.2
2008-12-07,18.7
2008-12-08,15.7
2008-12-09,17.4
2008-12-10,24.7
2008-12-11,39.2
2008-12-12,241
2008-12-13,84.8
2008-12-14,59.1
2008-12-15,52.4
2008-12-16,48.4
2008-12-17,45.7
2008-12-18,41.9
2008-12-19,36.1
2008-12-20,35.9
2008-12-21,33.5
2008-12-22,31.5
2008-12-23,28.2
2008-12-24,30.2
2008-12-25,78
2008-12-26,47.7
2008-12-27,41
2008-12-28,41.7
2008-12-29,36.4
2008-12-30,32.6
2008-12-31,29.6
2009-01-01,29.1
2009-01-02,27.3
2009-01-03,26.4
2009-01-04,24.8
2009-01-05,24.4
2009-01-06,23.4
2009-01-07,39.2
2009-01-08,51.1
2009-01-09,33.4
2009-01-10,27.7
2009-01-11,27
2009-01-12,25.2
2009-01-13,23.7
2009-01-14,23.9
2009-01-15,21.3
2009-01-16,27.4
2009-01-17,31.1
2009-01-18,27.2
2009-01-19,27
2009-01-20,22.8
2009-01-21,21.1
2009-01-22,20
2009-01-23,19.6
2009-01-24,18.1
2009-01-25,19.1
2009-01-26,18.4
2009-01-27,16.5
2009-01-28,19.9
2009-01-29,34.7
2009-01-30,25.9
2009-01-31,21.4
2009-02-01,20
2009-02-02,19.8
2009-02-03,19.9
2009-02-04,18.6
2009-02-05,20.1
2009-02-06,21.4
2009-02-07,19.4
2009-02-08,25.3
2009-02-09,24.8
2009-02-10,20.6
2009-02-11,23.3
2009-02-12,36.3
2009-02-13,31
2009-02-14,24.6
2009-02-15,22.2
2009-02-16,20.3
2009-02-17,19.5
2009-02-18,19
2009-02-19,32.9
2009-02-20,27.4
2009-02-21,21.8
2009-02-22,27.1
2009-02-23,37.3
2009-02-24,25.4
2009-02-25,22.6
2009-02-26,21.9
2009-02-27,22.5
2009-02-28,30.4
2009-03-01,24.9
2009-03-02,22.6
2009-03-03,23.2
2009-03-04,22
2009-03-05,20.2
2009-03-06,22.1
2009-03-07,27.9
2009-03-08,33.6
2009-03-09,40.7
2009-03-10,35.9
2009-03-11,31.5
2009-03-12,29.9
2009-03-13,25.8
2009-03-14,24.4
2009-03-15,23.3
2009-03-16,22
2009-03-17,20.6
2009-03-18,19.6
2009-03-19,20
2009-03-20,19.4
2009-03-21,17.8
2009-03-22,17.4
2009-03-23,17.2
2009-03-24,16.2
2009-03-25,15.1
2009-03-26,14.4
2009-03-27,17
2009-03-28,15
2009-03-29,21
2009-03-30,24.6
2009-03-31,24.4
2009-04-01,19.4
2009-04-02,18.9
2009-04-03,28.3
2009-04-04,44.6
2009-04-05,27.3
2009-04-06,34.4
2009-04-07,56.1
2009-04-08,32
2009-04-09,27
2009-04-10,24
2009-04-11,36.5
2009-04-12,41.5
2009-04-13,29.8
2009-04-14,26.2
2009-04-15,24.1
2009-04-16,22.2
2009-04-17,21.7
2009-04-18,20.5
2009-04-19,19
2009-04-20,18.1
2009-04-21,84.7
2009-04-22,96.2
2009-04-23,58.8
2009-04-24,42.4
2009-04-25,35.7
2009-04-26,32.2
2009-04-27,28.2
2009-04-28,25.6
2009-04-29,23.4
2009-04-30,20.6
2009-05-01,20.8
2009-05-02,21.5
2009-05-03,19.8
2009-05-04,19.7
2009-05-05,25.1
2009-05-06,33.5
2009-05-07,37.2
2009-05-08,36.7
2009-05-09,28.8
2009-05-10,25
2009-05-11,19.3
2009-05-12,18.6
2009-05-13,19.2
2009-05-14,17.6
2009-05-15,22.2
2009-05-16,19.1
2009-05-17,22.7
2009-05-18,18.2
2009-05-19,15.5
2009-05-20,14.2
2009-05-21,13.1
2009-05-22,12.1
2009-05-23,12.8
2009-05-24,34.4
2009-05-25,38.8
2009-05-26,29.9
2009-05-27,24.1
2009-05-28,20.4
2009-05-29,18.8
2009-05-30,17.5
2009-05-31,14.4
2009-06-01,12.1
2009-06-02,11.6
2009-06-03,10.3
2009-06-04,11.2
2009-06-05,10.5
2009-06-06,14
2009-06-07,8.78
2009-06-08,6.75
2009-06-09,9.75
2009-06-10,11.5
2009-06-11,8.72
2009-06-12,16.9
2009-06-13,13.2
2009-06-14,13.9
2009-06-15,11.4
2009-06-16,8.69
2009-06-17,7.06
2009-06-18,7.25
2009-06-19,31.1
2009-06-20,18.1
2009-06-21,12.8
2009-06-22,11.2
2009-06-23,10.6
2009-06-24,12.3
2009-06-25,13.6
2009-06-26,9.76
2009-06-27,9.84
2009-06-28,8.8
2009-06-29,7.71
2009-06-30,6.51
2009-07-01,53.5
2009-07-02,114
2009-07-03,65.3
2009-07-04,38.5
2009-07-05,28.9
2009-07-06,23
2009-07-07,21.8
2009-07-08,36.4
2009-07-09,26.2
2009-07-10,21.7
2009-07-11,19.3
2009-07-12,25.2
2009-07-13,17.8
2009-07-14,13.2
2009-07-15,11
2009-07-16,10.3
2009-07-17,15.9
2009-07-18,39.1
2009-07-19,32
2009-07-20,26.5
2009-07-21,28.1
2009-07-22,29
2009-07-23,23.4
2009-07-24,130
2009-07-25,52
2009-07-26,39.4
2009-07-27,34.6
2009-07-28,29.8
2009-07-29,26.3
2009-07-30,25.5
2009-07-31,24.9
2009-08-01,32.5
2009-08-02,25.6
2009-08-03,23
2009-08-04,19.9
2009-08-05,19.1
2009-08-06,21.7
2009-08-07,17
2009-08-08,13.7
2009-08-09,12.6
2009-08-10,12.4
2009-08-11,12.8
2009-08-12,9.68
2009-08-13,9.22
2009-08-14,9.02
2009-08-15,8.72
2009-08-16,8.49
2009-08-17,8.28
2009-08-18,7.26
2009-08-19,6.82
2009-08-20,6.24
2009-08-21,6.07
2009-08-22,6.08
2009-08-23,5.72
2009-08-24,5.36
2009-08-25,5.18
2009-08-26,5.12
2009-08-27,4.25
2009-08-28,3.9
2009-08-29,18.2
2009-08-30,19.1
2009-08-31,12.3
2009-09-01,9.11
2009-09-02,7.37
2009-09-03,6.78
2009-09-04,6.32
2009-09-05,6.06
2009-09-06,5.42
2009-09-07,5.08
2009-09-08,4.81
2009-09-09,4.72
2009-09-10,4.16
2009-09-11,5.1
2009-09-12,10.3
2009-09-13,10.2
2009-09-14,7.48
2009-09-15,7.53
2009-09-16,7.84
2009-09-17,10.3
2009-09-18,19.4
2009-09-19,14.8
2009-09-20,10.1
2009-09-21,8.43
2009-09-22,8.25
2009-09-23,7.69
2009-09-24,7.25
2009-09-25,5.1
2009-09-26,4.13
2009-09-27,6.29
2009-09-28,6.97
2009-09-29,6.97
2009-09-30,5.71
2009-10-01,5.3
2009-10-02,4.9
2009-10-03,18.3
2009-10-04,15
2009-10-05,10.1
2009-10-06,8.37
2009-10-07,17.6
2009-10-08,12.1
2009-10-09,9.18
2009-10-10,9.38
2009-10-11,7.86
2009-10-12,6.67
2009-10-13,5.86
2009-10-14,5.32
2009-10-15,5.88
2009-10-16,11.1
2009-10-17,8
2009-10-18,15.9
2009-10-19,21.2
2009-10-20,12.4
2009-10-21,10.3
2009-10-22,9.3
2009-10-23,8.5
2009-10-24,10.8
2009-10-25,47
2009-10-26,20.7
2009-10-27,16.1
2009-10-28,24.2
2009-10-29,41.4
2009-10-30,25.8
2009-10-31,20.8
2009-11-01,18
2009-11-02,14.4
2009-11-03,12.2
2009-11-04,11.1
2009-11-05,11.5
2009-11-06,12.2
2009-11-07,9.8
2009-11-08,9.13
2009-11-09,8.73
2009-11-10,8.53
2009-11-11,8.08
2009-11-12,7.72
2009-11-13,7.56
2009-11-14,36.5
2009-11-15,46.1
2009-11-16,25.4
2009-11-17,30.8
2009-11-18,24.5
2009-11-19,20.6
2009-11-20,32.7
2009-11-21,28
2009-11-22,21
2009-11-23,19
2009-11-24,20.1
2009-11-25,17.7
2009-11-26,16.6
2009-11-27,25.6
2009-11-28,23.4
2009-11-29,17.8
2009-11-30,17.6
2009-12-01,18.2
2009-12-02,15.9
2009-12-03,73.6
2009-12-04,45
2009-12-05,36.3
2009-12-06,41.1
2009-12-07,32.3
2009-12-08,28.4
2009-12-09,38.9
2009-12-10,53.7
2009-12-11,36.5
2009-12-12,28.8
2009-12-13,31.5
2009-12-14,72.5
2009-12-15,44.6
2009-12-16,36.5
2009-12-17,29.5
2009-12-18,25.7
2009-12-19,24.8
2009-12-20,23.9
2009-12-21,24.6
2009-12-22,23.8
2009-12-23,22.9
2009-12-24,25.6
2009-12-25,27.6
2009-12-26,26.9
2009-12-27,106
2009-12-28,66.5
2009-12-29,43.6
2009-12-30,36
2009-12-31,31.6
2010-01-01,30.5
2010-01-02,29.5
2010-01-03,27.4
2010-01-04,25.5
2010-01-05,23.9
2010-01-06,22.6
2010-01-07,21.3
2010-01-08,20.2
2010-01-09,18.9
2010-01-10,17.9
2010-01-11,17.2
2010-01-12,16.5
2010-01-13,15.5
2010-01-14,15.2
2010-01-15,14.9
2010-01-16,14.9
2010-01-17,15.9
2010-01-18,64.7
2010-01-19,38.7
2010-01-20,32.9
2010-01-21,27
2010-01-22,23.9
2010-01-23,21.5
2010-01-24,19.9
2010-01-25,44.1
2010-01-26,74
2010-01-27,43.9
2010-01-28,36.4
2010-01-29,32.3
2010-01-30,29.4
2010-01-31,27.8
2010-02-01,26.8
2010-02-02,25.5
2010-02-03,24.2
2010-02-04,22.2
2010-02-05,20.1
2010-02-06,19
2010-02-07,17.7
2010-02-08,16.3
2010-02-09,15.6
2010-02-10,16.7
2010-02-11,16.5
2010-02-12,15.4
2010-02-13,14.8
2010-02-14,14.4
2010-02-15,14.1
2010-02-16,14.1
2010-02-17,13.6
2010-02-18,13.6
2010-02-19,13.7
2010-02-20,13.9
2010-02-21,14.3
2010-02-22,14.1
2010-02-23,15.4
2010-02-24,125
2010-02-25,108
2010-02-26,160
2010-02-27,70.4
2010-02-28,57.9
2010-03-01,53.4
2010-03-02,48.2
2010-03-03,46.1
2010-03-04,44.2
2010-03-05,40.9
2010-03-06,37.2
2010-03-07,34.3
2010-03-08,31.9
2010-03-09,29.7
2010-03-10,27.5
2010-03-11,25.8
2010-03-12,24.3
2010-03-13,69.2
2010-03-14,461
2010-03-15,150
2010-03-16,107
2010-03-17,85.1
2010-03-18,75.3
2010-03-19,70.4
2010-03-20,70.9
2010-03-21,65.6
2010-03-22,61.2
2010-03-23,148
2010-03-24,150
2010-03-25,83.4
2010-03-26,78
2010-03-27,68.7
2010-03-28,62.5
2010-03-29,219
2010-03-30,815
2010-03-31,399
2010-04-01,132
2010-04-02,99.4
2010-04-03,93.1
2010-04-04,85
2010-04-05,77.6
2010-04-06,71.1
2010-04-07,65.1
2010-04-08,55.4
2010-04-09,57.3
2010-04-10,66
2010-04-11,49.7
2010-04-12,43.7
2010-04-13,39.4
2010-04-14,36.1
2010-04-15,33.3
2010-04-16,31.3
2010-04-17,39.5
2010-04-18,33.9
2010-04-19,30.2
2010-04-20,27.7
2010-04-21,25.8
2010-04-22,24.1
2010-04-23,22.9
2010-04-24,21.5
2010-04-25,21.8
2010-04-26,22.3
2010-04-27,22.3
2010-04-28,20.5
2010-04-29,19.1
2010-04-30,17.8
2010-05-01,17.1
2010-05-02,16.5
2010-05-03,19.1
2010-05-04,17.3
2010-05-05,15.1
2010-05-06,13.4
2010-05-07,12
2010-05-08,17.3
2010-05-09,19.1
2010-05-10,15.6
2010-05-11,14.3
2010-05-12,13.8
2010-05-13,13.4
2010-05-14,14.1
2010-05-15,13.5
2010-05-16,12.1
2010-05-17,11.2
2010-05-18,12.6
2010-05-19,30.5
2010-05-20,18.5
2010-05-21,14.7
2010-05-22,11.9
2010-05-23,10.2
2010-05-24,9.6
2010-05-25,8.99
2010-05-26,8.18
2010-05-27,8.4
2010-05-28,7.05
2010-05-29,6.84
2010-05-30,6.52
2010-05-31,5.44
2010-06-01,5.55
2010-06-02,6.07
2010-06-03,5.36
2010-06-04,4.86
2010-06-05,11.7
2010-06-06,11.1
2010-06-07,19.1
2010-06-08,15.5
2010-06-09,12.9
2010-06-10,13.9
2010-06-11,16.5
2010-06-12,12.6
2010-06-13,36
2010-06-14,19.4
2010-06-15,14.1
2010-06-16,10.9
2010-06-17,11.2
2010-06-18,9.27
2010-06-19,7.81
2010-06-20,6.96
2010-06-21,5.54
2010-06-22,4.02
2010-06-23,7.58
2010-06-24,4.89
2010-06-25,3.69
2010-06-26,3.4
2010-06-27,3.25
2010-06-28,3.74
2010-06-29,4.44
2010-06-30,3.3
2010-07-01,2.8
2010-07-02,2.57
2010-07-03,2.51
2010-07-04,2.53
2010-07-05,2.36
2010-07-06,2.19
2010-07-07,2.1
2010-07-08,2.16
2010-07-09,2.01
2010-07-10,2.03
2010-07-11,2.02
2010-07-12,1.82
2010-07-13,2.28
2010-07-14,3.24
2010-07-15,2.73
2010-07-16,2.35
2010-07-17,2.06
2010-07-18,1.72
2010-07-19,5.13
2010-07-20,3.7
2010-07-21,10.5
2010-07-22,9.76
2010-07-23,5.69
2010-07-24,8.84
2010-07-25,7.38
2010-07-26,4.69
2010-07-27,3.15
2010-07-28,2.6
2010-07-29,2.36
2010-07-30,2.02
2010-07-31,1.76
2010-08-01,1.73
2010-08-02,1.59
2010-08-03,1.58
2010-08-04,1.6
2010-08-05,1.71
2010-08-06,1.89
2010-08-07,1.37
2010-08-08,2.49
2010-08-09,1.62
2010-08-10,1.53
2010-08-11,3.95
2010-08-12,1.55
2010-08-13,1.16
2010-08-14,1.03
2010-08-15,1.05
2010-08-16,1.46
2010-08-17,1.62
2010-08-18,1.35
2010-08-19,1.28
2010-08-20,1.03
2010-08-21,0.91
2010-08-22,7.69
2010-08-23,9.16
2010-08-24,7.02
2010-08-25,10.8
2010-08-26,8.25
2010-08-27,15.2
2010-08-28,11.7
2010-08-29,8.86
2010-08-30,6.62
2010-08-31,4.71
2010-09-01,3.71
2010-09-02,3.16
2010-09-03,4.32
2010-09-04,8
2010-09-05,3.64
2010-09-06,2.93
2010-09-07,2.54
2010-09-08,2.55
2010-09-09,2.33
2010-09-10,2.15
2010-09-11,1.93
2010-09-12,1.7
2010-09-13,1.74
2010-09-14,1.7
2010-09-15,1.41
2010-09-16,1.45
2010-09-17,4.69
2010-09-18,2.52
2010-09-19,2.01
2010-09-20,1.86
2010-09-21,1.55
2010-09-22,1.71
2010-09-23,1.42
2010-09-24,1.47
2010-09-25,1.54
2010-09-26,1.33
2010-09-27,1.62
2010-09-28,2.6
2010-09-29,4.78
2010-09-30,2.34
2010-10-01,3.21
2010-10-02,4.39
2010-10-03,2.49
2010-10-04,5.72
2010-10-05,11.7
2010-10-06,18.8
2010-10-07,14.8
2010-10-08,10.7
2010-10-09,8.31
2010-10-10,6.7
2010-10-11,5.68
2010-10-12,4.93
2010-10-13,4.52
2010-10-14,4
2010-10-15,10.1
2010-10-16,6
2010-10-17,4.92
2010-10-18,4.2
2010-10-19,3.55
2010-10-20,3.33
2010-10-21,5.88
2010-10-22,4.52
2010-10-23,6.16
2010-10-24,3.2
2010-10-25,4.22
2010-10-26,4.45
2010-10-27,5.18
2010-10-28,8.24
2010-10-29,4.5
2010-10-30,2.69
2010-10-31,2.57
2010-11-01,2.31
2010-11-02,2.28
2010-11-03,3.02
2010-11-04,6.35
2010-11-05,12.5
2010-11-06,8.42
2010-11-07,6.85
2010-11-08,11.5
2010-11-09,21.5
2010-11-10,12.1
2010-11-11,8.87
2010-11-12,6.93
2010-11-13,5.49
2010-11-14,4.68
2010-11-15,4.36
2010-11-16,7.44
2010-11-17,30.7
2010-11-18,17.3
2010-11-19,12
2010-11-20,10
2010-11-21,8.73
2010-11-22,7.99
2010-11-23,7.73
2010-11-24,7
2010-11-25,6.29
2010-11-26,6.99
2010-11-27,6.35
2010-11-28,5.76
2010-11-29,5.59
2010-11-30,5.46
2010-12-01,9.96
2010-12-02,17.9
2010-12-03,11
2010-12-04,9.31
2010-12-05,8.26
2010-12-06,7.55
2010-12-07,7.01
2010-12-08,6.43
2010-12-09,5.89
2010-12-10,5.77
2010-12-11,5.46
2010-12-12,26.4
2010-12-13,127
2010-12-14,39.8
2010-12-15,28.3
2010-12-16,23.3
2010-12-17,20.1
2010-12-18,17.8
2010-12-19,16.4
2010-12-20,15.3
2010-12-21,14.3
2010-12-22,13.7
2010-12-23,13.3
2010-12-24,12.4
2010-12-25,11.6
2010-12-26,10.9
2010-12-27,12.6
2010-12-28,11.8
2010-12-29,10.9
2010-12-30,10.4
2010-12-31,10.4
2011-01-01,11.5
2011-01-02,16.9
2011-01-03,19.1
2011-01-04,14.5
2011-01-05,12.8
2011-01-06,11.5
2011-01-07,10.8
2011-01-08,10.7
2011-01-09,10.6
2011-01-10,9.91
2011-01-11,9.52
2011-01-12,12.1
2011-01-13,12.3
2011-01-14,11.3
2011-01-15,10.7
2011-01-16,10.9
2011-01-17,10.9
2011-01-18,15.1
2011-01-19,24.9
2011-01-20,19.8
2011-01-21,16.1
2011-01-22,14
2011-01-23,13.1
2011-01-24,12.7
2011-01-25,12.9
2011-01-26,14.6
2011-01-27,18.8
2011-01-28,15.9
2011-01-29,12.4
2011-01-30,10.9
2011-01-31,10.4
2011-02-01,10.4
2011-02-02,15.7
2011-02-03,17.2
2011-02-04,15
2011-02-05,14.5
2011-02-06,27.4
2011-02-07,22.3
2011-02-08,23
2011-02-09,20.2
2011-02-10,17.6
2011-02-11,16.4
2011-02-12,15.3
2011-02-13,13.6
2011-02-14,14.4
2011-02-15,15.9
2011-02-16,14.4
2011-02-17,14.6
2011-02-18,20.8
2011-02-19,25.1
2011-02-20,18.8
2011-02-21,17.1
2011-02-22,15.6
2011-02-23,15
2011-02-24,13.9
2011-02-25,50
2011-02-26,66.7
2011-02-27,37.1
2011-02-28,43.2
2011-03-01,51
2011-03-02,37.2
2011-03-03,33.4
2011-03-04,28.5
2011-03-05,28.9
2011-03-06,42.7
2011-03-07,81.6
2011-03-08,53.7
2011-03-09,43
2011-03-10,39
2011-03-11,48.4
2011-03-12,46.3
2011-03-13,38.2
2011-03-14,33.8
2011-03-15,30.9
2011-03-16,34.8
2011-03-17,36.6
2011-03-18,31.3
2011-03-19,28.3
2011-03-20,26.5
2011-03-21,26.7
2011-03-22,28.5
2011-03-23,25.3
2011-03-24,24.4
2011-03-25,23.3
2011-03-26,21.5
2011-03-27,20.1
2011-03-28,19.1
2011-03-29,18.4
2011-03-30,17.6
2011-03-31,17.1
2011-04-01,29
2011-04-02,26.3
2011-04-03,21.7
2011-04-04,19.2
2011-04-05,19.1
2011-04-06,18.4
2011-04-07,17.5
2011-04-08,16.6
2011-04-09,16
2011-04-10,15.2
2011-04-11,15.2
2011-04-12,15.5
2011-04-13,39.6
2011-04-14,40.8
2011-04-15,25.9
2011-04-16,21.9
2011-04-17,78.1
2011-04-18,44.9
2011-04-19,41.7
2011-04-20,36.9
2011-04-21,32.9
2011-04-22,29.1
2011-04-23,33.8
2011-04-24,38
2011-04-25,30.1
2011-04-26,26.3
2011-04-27,26
2011-04-28,33.4
2011-04-29,38.5
2011-04-30,30
2011-05-01,25.7
2011-05-02,23.4
2011-05-03,21.7
2011-05-04,21
2011-05-05,22.2
2011-05-06,20.1
2011-05-07,19.3
2011-05-08,19.5
2011-05-09,17.3
2011-05-10,15.8
2011-05-11,15.3
2011-05-12,14.6
2011-05-13,13.9
2011-05-14,13.1
2011-05-15,14.2
2011-05-16,13.9
2011-05-17,18.2
2011-05-18,39.5
2011-05-19,36.2
2011-05-20,33.8
2011-05-21,26.4
2011-05-22,22.4
2011-05-23,20.7
2011-05-24,28.1
2011-05-25,23.2
2011-05-26,19.8
2011-05-27,18.1
2011-05-28,16.5
2011-05-29,15.6
2011-05-30,15.2
2011-05-31,24.4
2011-06-01,21.4
2011-06-02,18.4
2011-06-03,15.6
2011-06-04,13.4
2011-06-05,12.1
2011-06-06,11.5
2011-06-07,10
2011-06-08,9.98
2011-06-09,11.2
2011-06-10,13.8
2011-06-11,11.8
2011-06-12,43.1
2011-06-13,28.7
2011-06-14,21.7
2011-06-15,18.3
2011-06-16,15.3
2011-06-17,14.7
2011-06-18,15.7
2011-06-19,12.7
2011-06-20,11
2011-06-21,9.72
2011-06-22,9.94
2011-06-23,15.3
2011-06-24,18.9
2011-06-25,14.4
2011-06-26,11.8
2011-06-27,10
2011-06-28,7.41
2011-06-29,5.65
2011-06-30,4.81
2011-07-01,4.4
2011-07-02,4.21
2011-07-03,4.45
2011-07-04,4.57
2011-07-05,5.86
2011-07-06,10.8
2011-07-07,9.13
2011-07-08,10
2011-07-09,20.5
2011-07-10,15.3
2011-07-11,11.8
2011-07-12,9.65
2011-07-13,7.77
2011-07-14,6.99
2011-07-15,5.28
2011-07-16,5.22
2011-07-17,4.73
2011-07-18,4.38
2011-07-19,3.88
2011-07-20,3.08
2011-07-21,2.84
2011-07-22,4
2011-07-23,6.5
2011-07-24,4.45
2011-07-25,3.23
2011-07-26,3.3
2011-07-27,3.22
2011-07-28,2.58
2011-07-29,2.48
2011-07-30,2.59
2011-07-31,2.18
2011-08-01,2.09
2011-08-02,2.01
2011-08-03,1.88
2011-08-04,1.92
2011-08-05,1.91
2011-08-06,1.94
2011-08-07,14.4
2011-08-08,9.82
2011-08-09,6.24
2011-08-10,7.97
2011-08-11,7.9
2011-08-12,12.6
2011-08-13,10.1
2011-08-14,8.72
2011-08-15,71.4
2011-08-16,53.9
2011-08-17,27.2
2011-08-18,20.7
2011-08-19,16.8
2011-08-20,14.1
2011-08-21,12
2011-08-22,12.4
2011-08-23,10.3
2011-08-24,9.02
2011-08-25,8.25
2011-08-26,8.23
2011-08-27,9.17
2011-08-28,29.4
2011-08-29,25.8
2011-08-30,17.2
2011-08-31,14
2011-09-01,11.4
2011-09-02,8.93
2011-09-03,7.69
2011-09-04,7.03
2011-09-05,6.42
2011-09-06,15.7
2011-09-07,41
2011-09-08,86.7
2011-09-09,59.8
2011-09-10,39.7
2011-09-11,32.1
2011-09-12,27.3
2011-09-13,23.9
2011-09-14,21.2
2011-09-15,19.6
2011-09-16,19.3
2011-09-17,17
2011-09-18,15.5
2011-09-19,14.3
2011-09-20,13.7
2011-09-21,13.4
2011-09-22,14.9
2011-09-23,16.4
2011-09-24,34.2
2011-09-25,25.7
2011-09-26,21.2
2011-09-27,18.6
2011-09-28,16.5
2011-09-29,28.6
2011-09-30,31.7
2011-10-01,48.1
2011-10-02,28.6
2011-10-03,23
2011-10-04,25.6
2011-10-05,22
2011-10-06,18.9
2011-10-07,17.2
2011-10-08,16.3
2011-10-09,15.2
2011-10-10,14.1
2011-10-11,12
2011-10-12,9.59
2011-10-13,14.3
2011-10-14,18.2
2011-10-15,24.3
2011-10-16,16.6
2011-10-17,15.2
2011-10-18,14.2
2011-10-19,20.5
2011-10-20,66.6
2011-10-21,35
2011-10-22,29.4
2011-10-23,26.7
2011-10-24,24.8
2011-10-25,23.5
2011-10-26,22
2011-10-27,25.6
2011-10-28,34.9
2011-10-29,30.5
2011-10-30,49.9
2011-10-31,37.3
2011-11-01,30.7
2011-11-02,27.9
2011-11-03,26.3
2011-11-04,25.3
2011-11-05,23.1
2011-11-06,21.4
2011-11-07,20
2011-11-08,19.4
2011-11-09,19.8
2011-11-10,38.7
2011-11-11,47.4
2011-11-12,32.7
2011-11-13,27.9
2011-11-14,25.3
2011-11-15,23.4
2011-11-16,24.3
2011-11-17,36.4
2011-11-18,29.5
2011-11-19,24.6
2011-11-20,22.7
2011-11-21,21.4
2011-11-22,20
2011-11-23,53.4
2011-11-24,40.3
2011-11-25,29.9
2011-11-26,26.7
2011-11-27,24.6
2011-11-28,23.4
2011-11-29,22.4
2011-11-30,34.5
2011-12-01,28.4
2011-12-02,24.6
2011-12-03,22.6
2011-12-04,21.2
2011-12-05,20.6
2011-12-06,21.3
2011-12-07,39.3
2011-12-08,122
2011-12-09,58.5
2011-12-10,47.7
2011-12-11,41.2
2011-12-12,37.1
2011-12-13,34.3
2011-12-14,32
2011-12-15,30.3
2011-12-16,30.3
2011-12-17,27.8
2011-12-18,25.5
2011-12-19,23.7
2011-12-20,23.6
2011-12-21,23
2011-12-22,25.3
2011-12-23,33.7
2011-12-24,29.3
2011-12-25,24.6
2011-12-26,23.4
2011-12-27,22.8
2011-12-28,32.7
2011-12-29,25.5
2011-12-30,22.9
2011-12-31,22.1
2012-01-01,21.2
2012-01-02,20.7
2012-01-03,19.2
2012-01-04,17.4
2012-01-05,17.2
2012-01-06,17.2
2012-01-07,17.4
2012-01-08,16.9
2012-01-09,16.3
2012-01-10,15.9
2012-01-11,15.6
2012-01-12,34.8
2012-01-13,38.6
2012-01-14,26.2
2012-01-15,20.9
2012-01-16,19.7
2012-01-17,21.9
2012-01-18,25.1
2012-01-19,20.5
2012-01-20,19.5
2012-01-21,18
2012-01-22,17.8
2012-01-23,18.5
2012-01-24,39.1
2012-01-25,32.2
2012-01-26,25.9
2012-01-27,34.2
2012-01-28,34.1
2012-01-29,26.9
2012-01-30,23.9
2012-01-31,22.2
2012-02-01,21.9
2012-02-02,21
2012-02-03,19.7
2012-02-04,18.8
2012-02-05,18
2012-02-06,17.4
2012-02-07,17.2
2012-02-08,16.4
2012-02-09,16.2
2012-02-10,15.6
2012-02-11,16.9
2012-02-12,15.8
2012-02-13,13.4
2012-02-14,14.6
2012-02-15,14.5
2012-02-16,14.4
2012-02-17,15.3
2012-02-18,14.4
2012-02-19,13.4
2012-02-20,12.4
2012-02-21,11.8
2012-02-22,12.7
2012-02-23,12.1
2012-02-24,12.9
2012-02-25,18.5
2012-02-26,14.8
2012-02-27,13.3
2012-02-28,13
2012-02-29,13.1
2012-03-01,26.5
2012-03-02,21.6
2012-03-03,23.2
2012-03-04,21.2
2012-03-05,17.7
2012-03-06,15.8
2012-03-07,15.3
2012-03-08,15
2012-03-09,15.8
2012-03-10,14.9
2012-03-11,14.2
2012-03-12,13.9
2012-03-13,13.7
2012-03-14,13.2
2012-03-15,12.5
2012-03-16,12.7
2012-03-17,13
2012-03-18,12.6
2012-03-19,12
2012-03-20,11.6
2012-03-21,11.3
2012-03-22,11.1
2012-03-23,10.8
2012-03-24,10.2
2012-03-25,9.74
2012-03-26,9.38
2012-03-27,8.77
2012-03-28,9.21
2012-03-29,10.1
2012-03-30,9.52
2012-03-31,10.2
2012-04-01,10.1
2012-04-02,12.1
2012-04-03,9.43
2012-04-04,8.16
2012-04-05,7.67
2012-04-06,7.63
2012-04-07,6.94
2012-04-08,7.21
2012-04-09,7.72
2012-04-10,13
2012-04-11,11.2
2012-04-12,10.6
2012-04-13,10.3
2012-04-14,9.29
2012-04-15,9.24
2012-04-16,8.72
2012-04-17,8.22
2012-04-18,7.58
2012-04-19,7.43
2012-04-20,7.31
2012-04-21,7
2012-04-22,9.88
2012-04-23,79.2
2012-04-24,35
2012-04-25,23
2012-04-26,19.5
2012-04-27,17.3
2012-04-28,14.9
2012-04-29,13.4
2012-04-30,12.3
2012-05-01,16.3
2012-05-02,16.7
2012-05-03,15.6
2012-05-04,14.6
2012-05-05,13.9
2012-05-06,12.7
2012-05-07,11.4
2012-05-08,10.7
2012-05-09,24.5
2012-05-10,38.7
2012-05-11,24.7
2012-05-12,19.4
2012-05-13,17
2012-05-14,15.4
2012-05-15,15.2
2012-05-16,28.8
2012-05-17,22.7
2012-05-18,17.9
2012-05-19,15.8
2012-05-20,14.1
2012-05-21,13.1
2012-05-22,15.4
2012-05-23,14.6
2012-05-24,12.3
2012-05-25,10.9
2012-05-26,10.4
2012-05-27,9.81
2012-05-28,11.6
2012-05-29,13.6
2012-05-30,11.9
2012-05-31,10.7
2012-06-01,8.55
2012-06-02,15.7
2012-06-03,16.4
2012-06-04,18.4
2012-06-05,14.4
2012-06-06,13.4
2012-06-07,14.7
2012-06-08,16.3
2012-06-09,12.7
2012-06-10,10.8
2012-06-11,9.57
2012-06-12,9.31
2012-06-13,12.3
2012-06-14,12.1
2012-06-15,9.94
2012-06-16,8.75
2012-06-17,8.14
2012-06-18,7.62
2012-06-19,6.86
2012-06-20,6.55
2012-06-21,5.43
2012-06-22,4.98
2012-06-23,6.83
2012-06-24,6.17
2012-06-25,17.3
2012-06-26,16.1
2012-06-27,11.6
2012-06-28,9.57
2012-06-29,8.41
2012-06-30,7.01
2012-07-01,6.29
2012-07-02,6.05
2012-07-03,4.82
2012-07-04,4.61
2012-07-05,4.33
2012-07-06,3.88
2012-07-07,3.69
2012-07-08,3.4
2012-07-09,2.81
2012-07-10,2.43
2012-07-11,2.36
2012-07-12,2.18
2012-07-13,4.04
2012-07-14,6.49
2012-07-15,5.11
2012-07-16,4.93
2012-07-17,2.8
2012-07-18,2.06
2012-07-19,2.08
2012-07-20,2.56
2012-07-21,2.54
2012-07-22,2.1
2012-07-23,2.93
2012-07-24,5.4
2012-07-25,3.8
2012-07-26,2.94
2012-07-27,3.01
2012-07-28,4
2012-07-29,7.19
2012-07-30,7.04
2012-07-31,5.05
2012-08-01,4.32
2012-08-02,3.8
2012-08-03,3.89
2012-08-04,3.43
2012-08-05,3.23
2012-08-06,4.57
2012-08-07,2.95
2012-08-08,2.42
2012-08-09,1.86
2012-08-10,5.98
2012-08-11,8.12
2012-08-12,4.91
2012-08-13,3.44
2012-08-14,2.33
2012-08-15,3
2012-08-16,5.85
2012-08-17,3.04
2012-08-18,4.6
2012-08-19,4.16
2012-08-20,2.91
2012-08-21,4.5
2012-08-22,7.93
2012-08-23,5.81
2012-08-24,4.11
2012-08-25,2.91
2012-08-26,3.99
2012-08-27,2.75
2012-08-28,3.07
2012-08-29,2.25
2012-08-30,1.68
2012-08-31,1.5
2012-09-01,1.9
2012-09-02,2.63
2012-09-03,1.58
2012-09-04,5.93
2012-09-05,39.5
2012-09-06,19.6
2012-09-07,8.95
2012-09-08,7.03
2012-09-09,6.91
2012-09-10,5.34
2012-09-11,4.29
2012-09-12,3.64
2012-09-13,3.26
2012-09-14,2.85
2012-09-15,2.42
2012-09-16,2.14
2012-09-17,2.08
2012-09-18,5.21
2012-09-19,16.9
2012-09-20,9.34
2012-09-21,6.27
2012-09-22,5.22
2012-09-23,7.56
2012-09-24,6
2012-09-25,4.75
2012-09-26,3.87
2012-09-27,3.55
2012-09-28,4.66
2012-09-29,19.4
2012-09-30,9.95
2012-10-01,8.37
2012-10-02,7.48
2012-10-03,8.24
2012-10-04,6.43
2012-10-05,6.13
2012-10-06,5.01
2012-10-07,5.32
2012-10-08,5.55
2012-10-09,4.55
2012-10-10,5.32
2012-10-11,5.63
2012-10-12,5.09
2012-10-13,4.2
2012-10-14,3.82
2012-10-15,3.58
2012-10-16,3.84
2012-10-17,3.2
2012-10-18,2.97
2012-10-19,3.73
2012-10-20,15.9
2012-10-21,7.76
2012-10-22,6.07
2012-10-23,5.48
2012-10-24,5.21
2012-10-25,7.28
2012-10-26,15.9
2012-10-27,12.9
2012-10-28,10.2
2012-10-29,17.9
2012-10-30,25.1
2012-10-31,17
2012-11-01,13.1
2012-11-02,10.6
2012-11-03,9.16
2012-11-04,8.18
2012-11-05,7.43
2012-11-06,6.72
2012-11-07,7.06
2012-11-08,10
2012-11-09,9.74
2012-11-10,8.11
2012-11-11,12.6
2012-11-12,7.05
2012-11-13,7.72
2012-11-14,8.36
2012-11-15,7.37
2012-11-16,6.86
2012-11-17,6.28
2012-11-18,5.87
2012-11-19,5.68
2012-11-20,5.55
2012-11-21,6
2012-11-22,6.42
2012-11-23,6.32
2012-11-24,6.17
2012-11-25,5.68
2012-11-26,5.41
2012-11-27,5.67
2012-11-28,6.9
2012-11-29,6.57
2012-11-30,6.11
2012-12-01,5.82
2012-12-02,6.12
2012-12-03,6.18
2012-12-04,5.88
2012-12-05,6.12
2012-12-06,5.59
2012-12-07,5.38
2012-12-08,8.99
2012-12-09,8.34
2012-12-10,17.6
2012-12-11,20.8
2012-12-12,12.5
2012-12-13,10.2
2012-12-14,9.1
2012-12-15,8.48
2012-12-16,8.21
2012-12-17,15
2012-12-18,29.1
2012-12-19,21.6
2012-12-20,15.8
2012-12-21,30
2012-12-22,31.8
2012-12-23,20.6
2012-12-24,17.6
2012-12-25,16.7
2012-12-26,15.5
2012-12-27,59.7
2012-12-28,42.4
2012-12-29,28.7
2012-12-30,27.7
2012-12-31,24
2013-01-01,22.3
2013-01-02,20.4
2013-01-03,20.1
2013-01-04,17.7
2013-01-05,16.8
2013-01-06,16.2
2013-01-07,15.6
2013-01-08,15.2
2013-01-09,15.3
2013-01-10,16
2013-01-11,15.6
2013-01-12,21.1
2013-01-13,21.6
2013-01-14,20.1
2013-01-15,20.2
2013-01-16,20
2013-01-17,20.6
2013-01-18,18.8
2013-01-19,17.7
2013-01-20,17.7
2013-01-21,16.5
2013-01-22,15.4
2013-01-23,15.7
2013-01-24,14.2
2013-01-25,13.3
2013-01-26,13.1
2013-01-27,12.6
2013-01-28,12.4
2013-01-29,12.2
2013-01-30,14.5
2013-01-31,31.6
2013-02-01,24.1
2013-02-02,18
2013-02-03,15.8
2013-02-04,14.5
2013-02-05,13.4
2013-02-06,13.2
2013-02-07,12.4
2013-02-08,11.9
2013-02-09,20.8
2013-02-10,19.3
2013-02-11,20
2013-02-12,26.8
2013-02-13,22.6
2013-02-14,19.9
2013-02-15,19.5
2013-02-16,20.3
2013-02-17,18.1
2013-02-18,18.1
2013-02-19,18
2013-02-20,33.3
2013-02-21,22.8
2013-02-22,19
2013-02-23,18.5
2013-02-24,30.4
2013-02-25,28.7
2013-02-26,24.9
2013-02-27,74.9
2013-02-28,75.2
2013-03-01,47.5
2013-03-02,40.2
2013-03-03,36
2013-03-04,33
2013-03-05,30.1
2013-03-06,28.2
2013-03-07,27.3
2013-03-08,25.9
2013-03-09,24.6
2013-03-10,23.5
2013-03-11,22.6
2013-03-12,25.4
2013-03-13,46.2
2013-03-14,30.8
2013-03-15,26.2
2013-03-16,24.1
2013-03-17,22.4
2013-03-18,21.1
2013-03-19,27.2
2013-03-20,30
2013-03-21,26.3
2013-03-22,24.3
2013-03-23,22.2
2013-03-24,20.8
2013-03-25,19.8
2013-03-26,19.1
2013-03-27,18
2013-03-28,17.3
2013-03-29,16.7
2013-03-30,16.4
2013-03-31,15.7
2013-04-01,19.2
2013-04-02,17.4
2013-04-03,15.8
2013-04-04,14.8
2013-04-05,14.5
2013-04-06,13.9
2013-04-07,13.7
2013-04-08,13.7
2013-04-09,9.94
2013-04-10,9.79
2013-04-11,11.6
2013-04-12,12.8
2013-04-13,15.5
2013-04-14,11.5
2013-04-15,9.74
2013-04-16,8.93
2013-04-17,8.86
2013-04-18,7.92
2013-04-19,8.08
2013-04-20,18.8
2013-04-21,12.4
2013-04-22,9.81
2013-04-23,9.14
2013-04-24,8.86
2013-04-25,8.36
2013-04-26,7.76
2013-04-27,7.64
2013-04-28,8.48
2013-04-29,7.35
2013-04-30,7.14
2013-05-01,6.52
2013-05-02,6.28
2013-05-03,6.26
2013-05-04,6.4
2013-05-05,6.14
2013-05-06,8.13
2013-05-07,17.9
2013-05-08,17.5
2013-05-09,23.3
2013-05-10,21.9
2013-05-11,20.2
2013-05-12,21
2013-05-13,17.6
2013-05-14,13.6
2013-05-15,9.09
2013-05-16,7.23
2013-05-17,5.6
2013-05-18,4.92
2013-05-19,5.9
2013-05-20,7.68
2013-05-21,5.81
2013-05-22,5.4
2013-05-23,5.33
2013-05-24,14.8
2013-05-25,11.8
2013-05-26,9.61
2013-05-27,7.24
2013-05-28,6.93
2013-05-29,7.89
2013-05-30,12.7
2013-05-31,7.9
2013-06-01,12.3
2013-06-02,11.8
2013-06-03,15.4
2013-06-04,14.1
2013-06-05,9.44
2013-06-06,6.17
2013-06-07,18.5
2013-06-08,133
2013-06-09,48.8
2013-06-10,36.8
2013-06-11,105
2013-06-12,86.5
2013-06-13,61.3
2013-06-14,114
2013-06-15,71.2
2013-06-16,53.5
2013-06-17,45.7
2013-06-18,40.1
2013-06-19,43.4
2013-06-20,34.2
2013-06-21,28.8
2013-06-22,25.1
2013-06-23,22.3
2013-06-24,20.2
2013-06-25,18.2
2013-06-26,16.7
2013-06-27,16.5
2013-06-28,21.9
2013-06-29,18.8
2013-06-30,16.7
2013-07-01,23.3
2013-07-02,26.1
2013-07-03,18.9
2013-07-04,15.7
2013-07-05,14.2
2013-07-06,12.4
2013-07-07,11.1
2013-07-08,10.2
2013-07-09,17.1
2013-07-10,24.5
2013-07-11,20.1
2013-07-12,17.6
2013-07-13,13.7
2013-07-14,12.8
2013-07-15,10.8
2013-07-16,9.53
2013-07-17,8.57
2013-07-18,8.15
2013-07-19,7.48
2013-07-20,7.68
2013-07-21,8.34
2013-07-22,6.16
2013-07-23,5.36
2013-07-24,4.76
2013-07-25,4.48
2013-07-26,6.25
2013-07-27,5.64
2013-07-28,4.25
2013-07-29,4.26
2013-07-30,3.88
2013-07-31,3.4
2013-08-01,3.26
2013-08-02,3.6
2013-08-03,3.34
2013-08-04,3.16
2013-08-05,2.78
2013-08-06,2.58
2013-08-07,2.5
2013-08-08,2.61
2013-08-09,10
2013-08-10,8.84
2013-08-11,9.96
2013-08-12,8.11
2013-08-13,5.05
2013-08-14,3.54
2013-08-15,2.96
2013-08-16,2.74
2013-08-17,2.58
2013-08-18,2.49
2013-08-19,2.47
2013-08-20,2.38
2013-08-21,2.18
2013-08-22,5.18
2013-08-23,4.13
2013-08-24,2.78
2013-08-25,2.47
2013-08-26,2.36
2013-08-27,15.4
2013-08-28,6.45
2013-08-29,5.96
2013-08-30,16.7
2013-08-31,14.9
2013-09-01,18.8
2013-09-02,97
2013-09-03,65.6
2013-09-04,34
2013-09-05,21.8
2013-09-06,17.9
2013-09-07,14.8
2013-09-08,12.6
2013-09-09,10.2
2013-09-10,9.97
2013-09-11,9.79
2013-09-12,8.99
2013-09-13,17.1
2013-09-14,10.7
2013-09-15,8.7
2013-09-16,8.23
2013-09-17,7.38
2013-09-18,6.87
2013-09-19,6.72
2013-09-20,6.36
2013-09-21,5.89
2013-09-22,8.56
2013-09-23,6.68
2013-09-24,4.85
2013-09-25,4.43
2013-09-26,4.16
2013-09-27,4.12
2013-09-28,4.07
2013-09-29,4.19
2013-09-30,4.17
2013-10-01,5.77
2013-10-02,8.74
2013-10-03,7.52
2013-10-04,5.88
2013-10-05,8.42
2013-10-06,6.2
2013-10-07,6.47
2013-10-08,12.6
2013-10-09,9.06
2013-10-10,6.97
2013-10-11,5.63
2013-10-12,4.87
2013-10-13,5.54
2013-10-14,4.83
2013-10-15,4.89
2013-10-16,4.52
2013-10-17,4.87
2013-10-18,5.06
2013-10-19,4.71
2013-10-20,4.32
2013-10-21,3.95
2013-10-22,4.09
2013-10-23,3.97
2013-10-24,3.77
2013-10-25,3.35
2013-10-26,3.59
2013-10-27,4.01
2013-10-28,4.08
2013-10-29,3.55
2013-10-30,3.02
2013-10-31,2.91
2013-11-01,3.91
2013-11-02,3.53
2013-11-03,2.97
2013-11-04,2.72
2013-11-05,2.72
2013-11-06,2.94
2013-11-07,4.46
2013-11-08,4.58
2013-11-09,3.38
2013-11-10,3.33
2013-11-11,3.12
2013-11-12,5.22
2013-11-13,12.5
2013-11-14,9.41
2013-11-15,7.62
2013-11-16,6.33
2013-11-17,5.73
2013-11-18,12.8
2013-11-19,9.49
2013-11-20,7.24
2013-11-21,6.48
2013-11-22,6.52
2013-11-23,6.58
2013-11-24,5.35
2013-11-25,4.03
2013-11-26,4.95
2013-11-27,69.9
2013-11-28,46.8
2013-11-29,23.2
2013-11-30,17.4
2013-12-01,16
2013-12-02,15.5
2013-12-03,13.2
2013-12-04,11.3
2013-12-05,10.2
2013-12-06,11
2013-12-07,20.2
2013-12-08,14
2013-12-09,14.2
2013-12-10,14.4
2013-12-11,12.1
2013-12-12,10.4
2013-12-13,9.08
2013-12-14,8.38
2013-12-15,14.5
2013-12-16,12.9
2013-12-17,11.4
2013-12-18,9.97
2013-12-19,9.12
2013-12-20,9.64
2013-12-21,13.3
2013-12-22,16.7
2013-12-23,18.8
2013-12-24,22.2
2013-12-25,15.4
2013-12-26,13.1
2013-12-27,12
2013-12-28,11.2
2013-12-29,16.5
2013-12-30,35.4
2013-12-31,19.5
2014-01-01,15.6
2014-01-02,13.8
2014-01-03,13.9
2014-01-04,15.7
2014-01-05,14.1
2014-01-06,29.8
2014-01-07,23
2014-01-08,19.1
2014-01-09,16.2
2014-01-10,14.5
2014-01-11,24.8
2014-01-12,59.4
2014-01-13,32.4
2014-01-14,34.2
2014-01-15,46.7
2014-01-16,32.6
2014-01-17,28.3
2014-01-18,29.7
2014-01-19,30.4
2014-01-20,25.4
2014-01-21,21.5
2014-01-22,21.4
2014-01-23,20.4
2014-01-24,19.6
2014-01-25,19
2014-01-26,18.2
2014-01-27,18.3
2014-01-28,16.9
2014-01-29,15.1
2014-01-30,15.5
2014-01-31,13.5
2014-02-01,13.7
2014-02-02,15.3
2014-02-03,16.4
2014-02-04,15.2
2014-02-05,15.2
2014-02-06,16
2014-02-07,14.1
2014-02-08,13.1
2014-02-09,12.7
2014-02-10,12.3
2014-02-11,12.1
2014-02-12,11.6
2014-02-13,14
2014-02-14,32.1
2014-02-15,24.2
2014-02-16,20
2014-02-17,16.8
2014-02-18,17.1
2014-02-19,17.3
2014-02-20,22.8
2014-02-21,25.6
2014-02-22,33.1
2014-02-23,29.7
2014-02-24,28.1
2014-02-25,22.9
2014-02-26,19.7
2014-02-27,17.5
2014-02-28,16.2
2014-03-01,15.4
2014-03-02,14.6
2014-03-03,13.9
2014-03-04,13.9
2014-03-05,13.1
2014-03-06,12.8
2014-03-07,12.7
2014-03-08,13.6
2014-03-09,15.8
2014-03-10,15.9
2014-03-11,17.8
2014-03-12,25.4
2014-03-13,49.8
2014-03-14,29.1
2014-03-15,26.3
2014-03-16,26.4
2014-03-17,21.9
2014-03-18,19.6
2014-03-19,19
2014-03-20,35.1
2014-03-21,29.7
2014-03-22,24.6
2014-03-23,22.4
2014-03-24,20.1
2014-03-25,18.7
2014-03-26,18
2014-03-27,17.6
2014-03-28,17.6
2014-03-29,20.2
2014-03-30,225
2014-03-31,104
2014-04-01,68.8
2014-04-02,56.4
2014-04-03,50.4
2014-04-04,44.8
2014-04-05,42.6
2014-04-06,37.3
2014-04-07,33.4
2014-04-08,52.2
2014-04-09,45.9
2014-04-10,35.7
2014-04-11,31.5
2014-04-12,29.1
2014-04-13,27.1
2014-04-14,25.3
2014-04-15,36.7
2014-04-16,77.3
2014-04-17,47.8
2014-04-18,39.1
2014-04-19,35.4
2014-04-20,31.6
2014-04-21,29.1
2014-04-22,28.2
2014-04-23,29.7
2014-04-24,28
2014-04-25,23.8
2014-04-26,26
2014-04-27,27
2014-04-28,23.7
2014-04-29,19.4
2014-04-30,22.4
2014-05-01,90.6
2014-05-02,55.7
2014-05-03,40.3
2014-05-04,35.1
2014-05-05,31.2
2014-05-06,28.3
2014-05-07,25.8
2014-05-08,24.3
2014-05-09,23.4
2014-05-10,22.7
2014-05-11,21.4
2014-05-12,19.4
2014-05-13,18.2
2014-05-14,17.2
2014-05-15,16.6
2014-05-16,16.6
2014-05-17,26.6
2014-05-18,21.2
2014-05-19,17.7
2014-05-20,18.3
2014-05-21,16.5
2014-05-22,16.1
2014-05-23,16.4
2014-05-24,14.9
2014-05-25,15.4
2014-05-26,17
2014-05-27,14.4
2014-05-28,13.3
2014-05-29,12.4
2014-05-30,11.4
2014-05-31,11.3
2014-06-01,10.4
2014-06-02,9.51
2014-06-03,8.75
2014-06-04,8.37
2014-06-05,13.1
2014-06-06,14.6
2014-06-07,10.9
2014-06-08,9.25
2014-06-09,8.41
2014-06-10,10.4
2014-06-11,9.49
2014-06-12,8.32
2014-06-13,25.8
2014-06-14,29.8
2014-06-15,16.6
2014-06-16,12.6
2014-06-17,10.7
2014-06-18,9.38
2014-06-19,8.69
2014-06-20,7.54
2014-06-21,6.53
2014-06-22,5.64
2014-06-23,5.15
2014-06-24,4.74
2014-06-25,4.3
2014-06-26,4.91
2014-06-27,3.33
2014-06-28,2.34
2014-06-29,1.96
2014-06-30,1.7
2014-07-01,1.64
2014-07-02,1.62
2014-07-03,1.52
2014-07-04,15.9
2014-07-05,28.9
2014-07-06,10.1
2014-07-07,6.97
2014-07-08,5.5
2014-07-09,4.49
2014-07-10,3.75
2014-07-11,3.24
2014-07-12,2.78
2014-07-13,2.49
2014-07-14,2.49
2014-07-15,3.16
2014-07-16,7.38
2014-07-17,5.35
2014-07-18,3.24
2014-07-19,2.59
2014-07-20,2.19
2014-07-21,1.7
2014-07-22,1.44
2014-07-23,1.32
2014-07-24,1.28
2014-07-25,1.19
2014-07-26,1.1
2014-07-27,1.23
2014-07-28,1.37
2014-07-29,1.56
2014-07-30,1.95
2014-07-31,1.76
2014-08-01,1.8
2014-08-02,2.25
2014-08-03,2.65
2014-08-04,2.5
2014-08-05,2.16
2014-08-06,1.9
2014-08-07,1.89
2014-08-08,2.71
2014-08-09,2.19
2014-08-10,2.17
2014-08-11,2.05
2014-08-12,4.49
2014-08-13,25.3
2014-08-14,23.7
2014-08-15,15.6
2014-08-16,11.7
2014-08-17,9.31
2014-08-18,7.32
2014-08-19,5.99
2014-08-20,4.81
2014-08-21,3.78
2014-08-22,3.1
2014-08-23,2.89
2014-08-24,2.3
2014-08-25,2.16
2014-08-26,2.04
2014-08-27,1.9
2014-08-28,2.04
2014-08-29,2.65
2014-08-30,1.55
2014-08-31,1.66
2014-09-01,2.33
2014-09-02,1.95
2014-09-03,1.71
2014-09-04,1.5
2014-09-05,1.47
2014-09-06,1.54
2014-09-07,3.07
2014-09-08,2.09
2014-09-09,1.82
2014-09-10,1.68
2014-09-11,1.66
2014-09-12,1.58
2014-09-13,1.58
2014-09-14,2.09
2014-09-15,1.55
2014-09-16,1.5
2014-09-17,2.51
2014-09-18,4.21
2014-09-19,2.83
2014-09-20,1.62
2014-09-21,1.44
2014-09-22,1.88
2014-09-23,2.82
2014-09-24,1.73
2014-09-25,1.43
2014-09-26,2.17
2014-09-27,1.3
2014-09-28,1.08
2014-09-29,0.98
2014-09-30,1.28
2014-10-01,1.89
2014-10-02,3.28
2014-10-03,2.24
2014-10-04,2.12
2014-10-05,3.21
2014-10-06,2.03
2014-10-07,1.9
2014-10-08,2.06
2014-10-09,1.65
2014-10-10,1.58
2014-10-11,2.41
2014-10-12,2.73
2014-10-13,2.27
2014-10-14,2.21
2014-10-15,2.05
2014-10-16,4.56
2014-10-17,4.01
2014-10-18,2.86
2014-10-19,3.05
2014-10-20,3.62
2014-10-21,5.57
2014-10-22,3.45
2014-10-23,7.8
2014-10-24,4.36
2014-10-25,3.28
2014-10-26,2.81
2014-10-27,2.65
2014-10-28,2.61
2014-10-29,3.66
2014-10-30,5.31
2014-10-31,3.15
2014-11-01,2.92
2014-11-02,3.58
2014-11-03,2.98
2014-11-04,2.75
2014-11-05,2.72
2014-11-06,3.2
2014-11-07,3.8
2014-11-08,3.12
2014-11-09,2.92
2014-11-10,2.52
2014-11-11,2.23
2014-11-12,2.3
2014-11-13,2.29
2014-11-14,3.13
2014-11-15,2.87
2014-11-16,2.65
2014-11-17,8.9
2014-11-18,9.1
2014-11-19,4.35
2014-11-20,3.94
2014-11-21,3.55
2014-11-22,3.4
2014-11-23,3.44
2014-11-24,15.3
2014-11-25,9.02
2014-11-26,12.3
2014-11-27,19.6
2014-11-28,8.14
2014-11-29,6.59
2014-11-30,6.2
2014-12-01,7.01
2014-12-02,6.8
2014-12-03,7.58
2014-12-04,6.81
2014-12-05,5.62
2014-12-06,8.31
2014-12-07,18.5
2014-12-08,8.7
2014-12-09,48.3
2014-12-10,56.9
2014-12-11,29.7
2014-12-12,34
2014-12-13,31.8
2014-12-14,29.2
2014-12-15,27.2
2014-12-16,25.4
2014-12-17,27.1
2014-12-18,24.7
2014-12-19,23.8
2014-12-20,25.5
2014-12-21,23.3
2014-12-22,21.3
2014-12-23,20.3
2014-12-24,23.3
2014-12-25,37.4
2014-12-26,27.2
2014-12-27,23
2014-12-28,21.3
2014-12-29,19.9
2014-12-30,18.4
2014-12-31,17.5
2015-01-01,16.8
2015-01-02,16.6
2015-01-03,16.3
2015-01-04,24.5
2015-01-05,26.9
2015-01-06,20.5
2015-01-07,18.1
2015-01-08,17.5
2015-01-09,17.1
2015-01-10,17.5
2015-01-11,18
2015-01-12,18.7
2015-01-13,19.7
2015-01-14,16.9
2015-01-15,16.1
2015-01-16,15.4
2015-01-17,15.5
2015-01-18,15.1
2015-01-19,19.4
2015-01-20,16.8
2015-01-21,15.5
2015-01-22,15
2015-01-23,14.6
2015-01-24,17.3
2015-01-25,18.2
2015-01-26,16
2015-01-27,15.1
2015-01-28,15.4
2015-01-29,17.1
2015-01-30,16
2015-01-31,14
2015-02-01,12.9
2015-02-02,13.6
2015-02-03,13.5
2015-02-04,12.3
2015-02-05,12.3
2015-02-06,12.3
2015-02-07,12.2
2015-02-08,12.3
2015-02-09,12.2
2015-02-10,12.1
2015-02-11,12
2015-02-12,11.9
2015-02-13,12
2015-02-14,12
2015-02-15,12.6
2015-02-16,12.3
2015-02-17,12.1
2015-02-18,12
2015-02-19,11.7
2015-02-20,11.7
2015-02-21,12
2015-02-22,14.3
2015-02-23,14.1
2015-02-24,12.4
2015-02-25,12.5
2015-02-26,12.3
2015-02-27,12.2
2015-02-28,11.8
2015-03-01,11.9
2015-03-02,11.3
2015-03-03,11
2015-03-04,12.3
2015-03-05,13.5
2015-03-06,13.5
2015-03-07,13.5
2015-03-08,13.8
2015-03-09,14.7
2015-03-10,16.5
2015-03-11,29.4
2015-03-12,32.1
2015-03-13,24.8
2015-03-14,32
2015-03-15,57.2
2015-03-16,41.4
2015-03-17,38.2
2015-03-18,38
2015-03-19,30.3
2015-03-20,26.7
2015-03-21,25.5
2015-03-22,24.9
2015-03-23,23
2015-03-24,21.8
2015-03-25,22.2
2015-03-26,32.3
2015-03-27,74
2015-03-28,53.3
2015-03-29,46.1
2015-03-30,39.9
2015-03-31,37.5
2015-04-01,37.5
2015-04-02,35.4
2015-04-03,39.5
2015-04-04,45.7
2015-04-05,36.4
2015-04-06,33.9
2015-04-07,32.7
2015-04-08,33.5
2015-04-09,33.9
2015-04-10,33.1
2015-04-11,31.4
2015-04-12,28.1
2015-04-13,26.2
2015-04-14,25
2015-04-15,24.1
2015-04-16,23
2015-04-17,24.2
2015-04-18,23.7
2015-04-19,21.8
2015-04-20,29.2
2015-04-21,58.3
2015-04-22,37.3
2015-04-23,31.8
2015-04-24,28.2
2015-04-25,25.8
2015-04-26,24.1
2015-04-27,23
2015-04-28,21.5
2015-04-29,20.3
2015-04-30,19.2
2015-05-01,18.2
2015-05-02,17.5
2015-05-03,16.7
2015-05-04,16
2015-05-05,15.5
2015-05-06,14.5
2015-05-07,13.7
2015-05-08,13.3
2015-05-09,12.6
2015-05-10,12.5
2015-05-11,12.1
2015-05-12,12.8
2015-05-13,11.8
2015-05-14,10.7
2015-05-15,9.34
2015-05-16,8.76
2015-05-17,8.71
2015-05-18,7.57
2015-05-19,7.57
2015-05-20,7.75
2015-05-21,7.04
2015-05-22,6.54
2015-05-23,6.11
2015-05-24,6.11
2015-05-25,5.7
2015-05-26,5.75
2015-05-27,5.64
2015-05-28,5.4
2015-05-29,5.01
2015-05-30,4.33
2015-05-31,6.71
2015-06-01,17.4
2015-06-02,18
2015-06-03,14.3
2015-06-04,11.1
2015-06-05,9.75
2015-06-06,8.1
2015-06-07,6.92
2015-06-08,6.37
2015-06-09,7.01
2015-06-10,6.03
2015-06-11,5.21
2015-06-12,4.4
2015-06-13,3.75
2015-06-14,3.34
2015-06-15,9.35
2015-06-16,8.81
2015-06-17,6.41
2015-06-18,4.85
2015-06-19,4.41
2015-06-20,3.78
2015-06-21,14.8
2015-06-22,10.7
2015-06-23,9.25
2015-06-24,9.7
2015-06-25,6.95
2015-06-26,5.69
2015-06-27,4.85
2015-06-28,15.3
2015-06-29,10.2
2015-06-30,7.32
2015-07-01,13.7
2015-07-02,9.48
2015-07-03,6.92
2015-07-04,6.21
2015-07-05,9.45
2015-07-06,9.29
2015-07-07,8.72
2015-07-08,9.25
2015-07-09,10.1
2015-07-10,8.47
2015-07-11,6.96
2015-07-12,4.97
2015-07-13,4.17
2015-07-14,6.6
2015-07-15,7.24
2015-07-16,11.8
2015-07-17,5.58
2015-07-18,4.45
2015-07-19,4.3
2015-07-20,3.91
2015-07-21,3.78
2015-07-22,3.89
2015-07-23,11.3
2015-07-24,12.5
2015-07-25,14.6
2015-07-26,12
2015-07-27,10.6
2015-07-28,9.17
2015-07-29,7.52
2015-07-30,6.4
2015-07-31,6.38
2015-08-01,5.39
2015-08-02,4.85
2015-08-03,4.41
2015-08-04,18.4
2015-08-05,12.1
2015-08-06,9.61
2015-08-07,8.64
2015-08-08,7.6
2015-08-09,7.13
2015-08-10,7.18
2015-08-11,10.9
2015-08-12,11
2015-08-13,8.95
2015-08-14,7.93
2015-08-15,7.44
2015-08-16,7.2
2015-08-17,5.98
2015-08-18,5.62
2015-08-19,5.38
2015-08-20,5.28
2015-08-21,5.35
2015-08-22,5.12
2015-08-23,5.13
2015-08-24,5.24
2015-08-25,5.17
2015-08-26,5.06
2015-08-27,4.65
2015-08-28,4.42
2015-08-29,4.35
2015-08-30,4.36
2015-08-31,4.28
2015-09-01,4.11
2015-09-02,3.93
2015-09-03,3.89
2015-09-04,3.76
2015-09-05,3.65
2015-09-06,3.6
2015-09-07,3.64
2015-09-08,3.47
2015-09-09,3.52
2015-09-10,5.18
2015-09-11,8.44
2015-09-12,5.73
2015-09-13,5.92
2015-09-14,5.25
2015-09-15,4.71
2015-09-16,4.33
2015-09-17,4.14
2015-09-18,4.02
2015-09-19,3.93
2015-09-20,3.89
2015-09-21,3.58
2015-09-22,3.52
2015-09-23,3.43
2015-09-24,3.37
2015-09-25,3.19
2015-09-26,3.19
2015-09-27,3.16
2015-09-28,3.2
2015-09-29,3.69
2015-09-30,22.9
2015-10-01,13.7
2015-10-02,11.1
2015-10-03,11.8
2015-10-04,8.46
2015-10-05,6.97
2015-10-06,5.66
2015-10-07,4.57
2015-10-08,4.36
2015-10-09,3.81
2015-10-10,3.67
2015-10-11,2.75
2015-10-12,2.45
2015-10-13,2.75
2015-10-14,2.71
2015-10-15,2.21
2015-10-16,1.94
2015-10-17,1.95
2015-10-18,1.96
2015-10-19,2.11
2015-10-20,2.21
2015-10-21,2.26
2015-10-22,2.08
2015-10-23,2.22
2015-10-24,2.21
2015-10-25,2.35
2015-10-26,2.36
2015-10-27,2.31
2015-10-28,3.74
2015-10-29,21.4
2015-10-30,7.55
2015-10-31,4.45
2015-11-01,3.76
2015-11-02,3.45
2015-11-03,3.86
2015-11-04,9.67
2015-11-05,7.85
2015-11-06,6.53
2015-11-07,5.52
2015-11-08,4.51
2015-11-09,3.49
2015-11-10,3.47
2015-11-11,6.36
2015-11-12,4.87
2015-11-13,4.33
2015-11-14,3.7
2015-11-15,3.41
2015-11-16,3.34
2015-11-17,3.19
2015-11-18,2.96
2015-11-19,3.15
2015-11-20,33
2015-11-21,15.3
2015-11-22,11.1
2015-11-23,13.4
2015-11-24,17.3
2015-11-25,14.4
2015-11-26,12.5
2015-11-27,11.1
2015-11-28,10.3
2015-11-29,9.5
2015-11-30,8.31
2015-12-01,7.83
2015-12-02,8.86
2015-12-03,8.42
2015-12-04,7.93
2015-12-05,9.96
2015-12-06,6.9
2015-12-07,6.63
2015-12-08,6.47
2015-12-09,6.02
2015-12-10,6.35
2015-12-11,6.06
2015-12-12,6.03
2015-12-13,5.63
2015-12-14,5.59
2015-12-15,13.7
2015-12-16,9.28
2015-12-17,9.09
2015-12-18,14.1
2015-12-19,10.6
2015-12-20,8.8
2015-12-21,8.21
2015-12-22,9.01
2015-12-23,11.5
2015-12-24,42.8
2015-12-25,21
2015-12-26,15.5
2015-12-27,14.3
2015-12-28,13.4
2015-12-29,15.4
2015-12-30,17.1
2015-12-31,18.9
2016-01-01,16.6
2016-01-02,13.9
2016-01-03,12.6
2016-01-04,11.8
2016-01-05,10.8
2016-01-06,10.1
2016-01-07,10.1
2016-01-08,9.98
2016-01-09,10.1
2016-01-10,42.2
2016-01-11,47.8
2016-01-12,24.9
2016-01-13,22.1
2016-01-14,18.4
2016-01-15,16.9
2016-01-16,28.2
2016-01-17,26.2
2016-01-18,20.8
2016-01-19,15.2
2016-01-20,17.2
2016-01-21,15.9
2016-01-22,14.7
2016-01-23,13.9
2016-01-24,15.5
2016-01-25,14
2016-01-26,14.5
2016-01-27,17.9
2016-01-28,16.7
2016-01-29,15.5
2016-01-30,14.6
2016-01-31,14.1
2016-02-01,15.2
2016-02-02,14.4
2016-02-03,15.6
2016-02-04,37.3
2016-02-05,34
2016-02-06,29.2
2016-02-07,23.6
2016-02-08,22.1
2016-02-09,20.9
2016-02-10,19.4
2016-02-11,17.9
2016-02-12,18.5
2016-02-13,16.2
2016-02-14,17.7
2016-02-15,18.7
2016-02-16,42.7
2016-02-17,61.8
2016-02-18,35.7
2016-02-19,28.1
2016-02-20,26.2
2016-02-21,25.2
2016-02-22,23
2016-02-23,21.2
2016-02-24,28.7
2016-02-25,57.5
2016-02-26,39.9
2016-02-27,30.4
2016-02-28,27.2
2016-02-29,25.7
2016-03-01,23.5
2016-03-02,25.7
2016-03-03,23.9
2016-03-04,22
2016-03-05,20.9
2016-03-06,19.9
2016-03-07,19.1
2016-03-08,18.4
2016-03-09,17.7
2016-03-10,17.3
2016-03-11,18.5
2016-03-12,16.8
2016-03-13,16.2
2016-03-14,16.3
2016-03-15,37.9
2016-03-16,29.3
2016-03-17,23.8
2016-03-18,21.3
2016-03-19,19.5
2016-03-20,18.3
2016-03-21,18.9
2016-03-22,18.3
2016-03-23,17.2
2016-03-24,16.4
2016-03-25,16
2016-03-26,16
2016-03-27,15.5
2016-03-28,17.3
2016-03-29,17.3
2016-03-30,15.2
2016-03-31,14.8
2016-04-01,16.5
2016-04-02,22.7
2016-04-03,35.6
2016-04-04,27.9
2016-04-05,24.4
2016-04-06,23.2
2016-04-07,66.1
2016-04-08,77.2
2016-04-09,42.2
2016-04-10,33.9
2016-04-11,29.6
2016-04-12,30.7
2016-04-13,31.2
2016-04-14,26.2
2016-04-15,24
2016-04-16,22.4
2016-04-17,19.8
2016-04-18,18.4
2016-04-19,17.6
2016-04-20,16.4
2016-04-21,16.2
2016-04-22,16.1
2016-04-23,16.2
2016-04-24,14.7
2016-04-25,13.9
2016-04-26,14.9
2016-04-27,15.1
2016-04-28,14.1
2016-04-29,13.6
2016-04-30,13.1
2016-05-01,12.3
2016-05-02,14.1
2016-05-03,18.1
2016-05-04,18.5
2016-05-05,22.8
2016-05-06,20
2016-05-07,30.5
2016-05-08,26.2
2016-05-09,22.4
2016-05-10,19.4
2016-05-11,19.5
2016-05-12,17.8
2016-05-13,17.3
2016-05-14,18.3
2016-05-15,16
2016-05-16,14.7
2016-05-17,13.8
2016-05-18,13.5
2016-05-19,12.1
2016-05-20,11.7
2016-05-21,11.2
2016-05-22,11
2016-05-23,10.3
2016-05-24,10.5
2016-05-25,10.2
2016-05-26,9.43
2016-05-27,8.97
2016-05-28,8.81
2016-05-29,8.53
2016-05-30,25.2
2016-05-31,18.8
2016-06-01,12.7
2016-06-02,10.7
2016-06-03,9.62
2016-06-04,8.88
2016-06-05,8.82
2016-06-06,10.9
2016-06-07,8.46
2016-06-08,11.6
2016-06-09,14.7
2016-06-10,9.05
2016-06-11,8.38
2016-06-12,8.79
2016-06-13,7.94
2016-06-14,7.53
2016-06-15,6.51
2016-06-16,7.57
2016-06-17,13.2
2016-06-18,11
2016-06-19,9.49
2016-06-20,8.56
2016-06-21,13.7
2016-06-22,10.3
2016-06-23,8.7
2016-06-24,7.71
2016-06-25,6.45
2016-06-26,5.69
2016-06-27,5.17
2016-06-28,4.85
2016-06-29,7.02
2016-06-30,5.88
2016-07-01,5.07
2016-07-02,5.14
2016-07-03,4.69
2016-07-04,4.95
2016-07-05,5.63
2016-07-06,5.18
2016-07-07,4.43
2016-07-08,4.26
2016-07-09,4.18
2016-07-10,4.61
2016-07-11,5.65
2016-07-12,4.88
2016-07-13,4.45
2016-07-14,8.87
2016-07-15,9.84
2016-07-16,9.05
2016-07-17,7.25
2016-07-18,6.35
2016-07-19,5.25
2016-07-20,5.03
2016-07-21,4.71
2016-07-22,4.38
2016-07-23,6.42
2016-07-24,4.88
2016-07-25,4.19
2016-07-26,3.85
2016-07-27,3.46
2016-07-28,3.15
2016-07-29,3.17
2016-07-30,3.34
2016-07-31,2.9
2016-08-01,3.82
2016-08-02,4.46
2016-08-03,3.9
2016-08-04,3.14
2016-08-05,2.72
2016-08-06,2.39
2016-08-07,2.21
2016-08-08,1.87
2016-08-09,1.68
2016-08-10,2.25
2016-08-11,2.58
2016-08-12,3.07
2016-08-13,6.54
2016-08-14,4.8
2016-08-15,3.93
2016-08-16,3.27
2016-08-17,3.26
2016-08-18,2.73
2016-08-19,2.44
2016-08-20,2.1
2016-08-21,1.89
2016-08-22,4.71
2016-08-23,3.04
2016-08-24,2.45
2016-08-25,2.06
2016-08-26,1.81
2016-08-27,1.69
2016-08-28,1.45
2016-08-29,1.34
2016-08-30,1.25
2016-08-31,1.35
2016-09-01,9.83
2016-09-02,6.57
2016-09-03,4.16
2016-09-04,3.47
2016-09-05,2.93
2016-09-06,4.34
2016-09-07,7.02
2016-09-08,8.36
2016-09-09,4.61
2016-09-10,3.88
2016-09-11,3.22
2016-09-12,2.71
2016-09-13,2.54
2016-09-14,2.81
2016-09-15,3.03
2016-09-16,2.65
2016-09-17,2.63
2016-09-18,2.66
2016-09-19,9.31
2016-09-20,6.92
2016-09-21,4.46
2016-09-22,3.97
2016-09-23,3.53
2016-09-24,3.21
2016-09-25,2.95
2016-09-26,2.73
2016-09-27,3.78
2016-09-28,3.46
2016-09-29,3.09
2016-09-30,3.2
2016-10-01,8.67
2016-10-02,6.45
2016-10-03,5.06
2016-10-04,4.27
2016-10-05,3.88
2016-10-06,3.51
2016-10-07,3.46
2016-10-08,3.47
2016-10-09,10.2
2016-10-10,12.4
2016-10-11,7.28
2016-10-12,5.88
2016-10-13,5.28
2016-10-14,4.76
2016-10-15,4.34
2016-10-16,4.19
2016-10-17,4.18
2016-10-18,4.08
2016-10-19,4.93
2016-10-20,17.3
2016-10-21,15.8
2016-10-22,24.5
2016-10-23,10.5
2016-10-24,8.74
2016-10-25,12.7
2016-10-26,17.8
2016-10-27,17.9
2016-10-28,29.5
2016-10-29,18.5
2016-10-30,17.1
2016-10-31,20.6
2016-11-01,13
2016-11-02,9.63
2016-11-03,7.65
2016-11-04,6.55
2016-11-05,6.07
2016-11-06,6.38
2016-11-07,6.15
2016-11-08,6.07
2016-11-09,6.99
2016-11-10,16.8
2016-11-11,15.5
2016-11-12,13
2016-11-13,11.6
2016-11-14,10.3
2016-11-15,16.3
2016-11-16,24.8
2016-11-17,14.8
2016-11-18,12.6
2016-11-19,10.6
2016-11-20,10.3
2016-11-21,9.57
2016-11-22,9.08
2016-11-23,8.83
2016-11-24,8.78
2016-11-25,9.82
2016-11-26,10
2016-11-27,9.31
2016-11-28,8.65
2016-11-29,16.3
2016-11-30,44.6
2016-12-01,29.4
2016-12-02,21
2016-12-03,17.1
2016-12-04,14.9
2016-12-05,14.1
2016-12-06,13.8
2016-12-07,14.3
2016-12-08,13.6
2016-12-09,12.4
2016-12-10,11.6
2016-12-11,11.3
2016-12-12,16
2016-12-13,16.3
2016-12-14,14.1
2016-12-15,12.7
2016-12-16,11.6
2016-12-17,11.6
2016-12-18,18.8
2016-12-19,17.4
2016-12-20,14.1
2016-12-21,13.5
2016-12-22,13.3
2016-12-23,12.5
2016-12-24,15.4
2016-12-25,17.2
2016-12-26,14.4
2016-12-27,15.7
2016-12-28,17.2
2016-12-29,19.8
2016-12-30,28.4
2016-12-31,20.1
2017-01-01,18.5
2017-01-02,16.7
2017-01-03,20.5
2017-01-04,30.8
2017-01-05,20.6
2017-01-06,18
2017-01-07,15.9
2017-01-08,16.2
2017-01-09,17.1
2017-01-10,17.9
2017-01-11,31
2017-01-12,36.8
2017-01-13,26.1
2017-01-14,20.9
2017-01-15,19.4
2017-01-16,18.1
2017-01-17,17.7
2017-01-18,20.2
2017-01-19,19.4
2017-01-20,17.8
2017-01-21,16.8
2017-01-22,16.1
2017-01-23,16.5
2017-01-24,54.8
2017-01-25,52.3
2017-01-26,32
2017-01-27,27.4
2017-01-28,24.5
2017-01-29,22.8
2017-01-30,24.6
2017-01-31,32.7
2017-02-01,29
2017-02-02,25.7
2017-02-03,22.7
2017-02-04,20.4
2017-02-05,19.1
2017-02-06,18.2
2017-02-07,17.7
2017-02-08,18.3
2017-02-09,17.3
2017-02-10,21.4
2017-02-11,18.5
2017-02-12,17.9
2017-02-13,20.3
2017-02-14,18.3
2017-02-15,17.9
2017-02-16,18.8
2017-02-17,17.5
2017-02-18,17.4
2017-02-19,21.9
2017-02-20,25.8
2017-02-21,22.4
2017-02-22,22.4
2017-02-23,25.4
2017-02-24,24.9
2017-02-25,22.2
2017-02-26,22.9
2017-02-27,20.3
2017-02-28,19.3
2017-03-01,21.2
2017-03-02,22.9
2017-03-03,19.5
2017-03-04,18
2017-03-05,16.7
2017-03-06,16.7
2017-03-07,17.3
2017-03-08,20.5
2017-03-09,19.8
2017-03-10,18.6
2017-03-11,17.6
2017-03-12,16.7
2017-03-13,16.4
2017-03-14,23.3
2017-03-15,38.4
2017-03-16,27.5
2017-03-17,23.7
2017-03-18,23.2
2017-03-19,23.9
2017-03-20,25.3
2017-03-21,30.7
2017-03-22,31.2
2017-03-23,25.2
2017-03-24,23.5
2017-03-25,24.9
2017-03-26,24.7
2017-03-27,28.8
2017-03-28,32
2017-03-29,35
2017-03-30,28.2
2017-03-31,29.6
2017-04-01,104
2017-04-02,61.2
2017-04-03,47.2
2017-04-04,90
2017-04-05,75.1
2017-04-06,70.5
2017-04-07,76.5
2017-04-08,57.1
2017-04-09,48.8
2017-04-10,45
2017-04-11,42.2
2017-04-12,39.1
2017-04-13,35.8
2017-04-14,33.2
2017-04-15,31.1
2017-04-16,30.1
2017-04-17,28.7
2017-04-18,26.5
2017-04-19,25.3
2017-04-20,26
2017-04-21,30.3
2017-04-22,32.5
2017-04-23,27.5
2017-04-24,24.4
2017-04-25,26.5
2017-04-26,78.6
2017-04-27,49.8
2017-04-28,36.5
2017-04-29,31.3
2017-04-30,28.3
2017-05-01,26
2017-05-02,45.5
2017-05-03,35.2
2017-05-04,27.9
2017-05-05,48.6
2017-05-06,70.6
2017-05-07,44.5
2017-05-08,35.8
2017-05-09,31.5
2017-05-10,29.3
2017-05-11,27.3
2017-05-12,25.8
2017-05-13,24.9
2017-05-14,61.5
2017-05-15,43.1
2017-05-16,34.7
2017-05-17,30.1
2017-05-18,26.8
2017-05-19,23.9
2017-05-20,21.4
2017-05-21,20.3
2017-05-22,20.8
2017-05-23,22.7
2017-05-24,19.8
2017-05-25,20.5
2017-05-26,41.7
2017-05-27,28.4
2017-05-28,22.6
2017-05-29,22.4
2017-05-30,21.7
2017-05-31,20.9
2017-06-01,22.3
2017-06-02,19.6
2017-06-03,18.2
2017-06-04,17.3
2017-06-05,21.5
2017-06-06,22.7
2017-06-07,23.7
2017-06-08,19.1
2017-06-09,17.2
2017-06-10,15.8
2017-06-11,14.9
2017-06-12,14.2
2017-06-13,13.5
2017-06-14,13.1
2017-06-15,12.1
2017-06-16,26
2017-06-17,53.7
2017-06-18,24.7
2017-06-19,21.2
2017-06-20,23
2017-06-21,19
2017-06-22,16.7
2017-06-23,15.4
2017-06-24,22.1
2017-06-25,18.9
2017-06-26,15.1
2017-06-27,13.9
2017-06-28,13
2017-06-29,12.2
2017-06-30,12
2017-07-01,12.5
2017-07-02,11.7
2017-07-03,10.5
2017-07-04,9.74
2017-07-05,9.11
2017-07-06,8.3
2017-07-07,15.8
2017-07-08,15.7
2017-07-09,10.3
2017-07-10,8.77
2017-07-11,12
2017-07-12,14.6
2017-07-13,28.8
2017-07-14,29
2017-07-15,19.1
2017-07-16,16
2017-07-17,14.5
2017-07-18,13.7
2017-07-19,12.7
2017-07-20,11.7
2017-07-21,10.8
2017-07-22,10.1
2017-07-23,9.52
2017-07-24,10.7
2017-07-25,10.9
2017-07-26,9.99
2017-07-27,9.49
2017-07-28,9.31
2017-07-29,8.63
2017-07-30,7.97
2017-07-31,7.48
2017-08-01,6.9
2017-08-02,5.93
2017-08-03,4.69
2017-08-04,4.06
2017-08-05,4.53
2017-08-06,4.41
2017-08-07,3.72
2017-08-08,4.18
2017-08-09,3.6
2017-08-10,3.23
2017-08-11,3.08
2017-08-12,3.57
2017-08-13,3.39
2017-08-14,2.98
2017-08-15,3.01
2017-08-16,3
2017-08-17,2.67
2017-08-18,3.01
2017-08-19,3.67
2017-08-20,3.02
2017-08-21,2.71
2017-08-22,2.71
2017-08-23,2.72
2017-08-24,2.43
2017-08-25,2.28
2017-08-26,2.24
2017-08-27,3.8
2017-08-28,2.78
2017-08-29,2.45
2017-08-30,3.59
2017-08-31,2.74
2017-09-01,2.23
2017-09-02,1.96
2017-09-03,2.68
2017-09-04,2.78
2017-09-05,2.4
2017-09-06,3.56
2017-09-07,10.6
2017-09-08,4.99
2017-09-09,3.63
2017-09-10,2.88
2017-09-11,2.56
2017-09-12,2.62
2017-09-13,2.43
2017-09-14,2.36
2017-09-15,2.34
2017-09-16,2.31
2017-09-17,3.73
2017-09-18,11.6
2017-09-19,16.9
2017-09-20,12.7
2017-09-21,8.17
2017-09-22,2.86
2017-09-23,2.29
2017-09-24,1.78
2017-09-25,1.62
2017-09-26,1.52
2017-09-27,1.54
2017-09-28,1.55
2017-09-29,1.35
2017-09-30,1.69
2017-10-01,1.8
2017-10-02,1.55
2017-10-03,1.49
2017-10-04,1.5
2017-10-05,1.51
2017-10-06,1.49
2017-10-07,1.45
2017-10-08,2.29
2017-10-09,2.59
2017-10-10,2.83
2017-10-11,2.11
2017-10-12,2.08
2017-10-13,1.92
2017-10-14,2.23
2017-10-15,2.45
2017-10-16,2.37
2017-10-17,2.17
2017-10-18,2.08
2017-10-19,2.09
2017-10-20,2.12
2017-10-21,2.08
2017-10-22,2.14
2017-10-23,2.18
2017-10-24,6.28
2017-10-25,17.3
2017-10-26,25.2
2017-10-27,14.2
2017-10-28,9.26
2017-10-29,9.47
2017-10-30,149
2017-10-31,30.4
2017-11-01,17.5
2017-11-02,13
2017-11-03,10.5
2017-11-04,8.17
2017-11-05,6.51
2017-11-06,6.35
2017-11-07,5.83
2017-11-08,8.1
2017-11-09,6.22
2017-11-10,6.35
2017-11-11,5.39
2017-11-12,5.09
2017-11-13,5.5
2017-11-14,5.89
2017-11-15,5.3
2017-11-16,7.22
2017-11-17,12
2017-11-18,18.3
2017-11-19,23
2017-11-20,17.5
2017-11-21,13.7
2017-11-22,23.4
2017-11-23,23.5
2017-11-24,14.9
2017-11-25,13
2017-11-26,11.8
2017-11-27,10.6
2017-11-28,9.73
2017-11-29,9.59
2017-11-30,9.09
2017-12-01,9.19
2017-12-02,8.57
2017-12-03,8.18
2017-12-04,7.71
2017-12-05,8.08
2017-12-06,22.7
2017-12-07,13.1
2017-12-08,10.5
2017-12-09,10.2
2017-12-10,10.3
2017-12-11,9.66
2017-12-12,10
2017-12-13,10.6
2017-12-14,7.54
2017-12-15,9.23
2017-12-16,8.64
2017-12-17,8.15
2017-12-18,8.16
2017-12-19,9.04
2017-12-20,10
2017-12-21,8.8
2017-12-22,8.11
2017-12-23,11
2017-12-24,14.7
2017-12-25,13.6
2017-12-26,11.8
2017-12-27,10.5
2017-12-28,13.4
2017-12-29,12.6
2017-12-30,11.3
2017-12-31,11.2
2018-01-01,11.5
2018-01-02,12.3
2018-01-03,12.3
2018-01-04,12.2
2018-01-05,16.5
2018-01-06,15.3
2018-01-07,14.6
2018-01-08,14
2018-01-09,12.8
2018-01-10,10.9
2018-01-11,10.2
2018-01-12,28.4
2018-01-13,186
2018-01-14,73.1
2018-01-15,53.7
2018-01-16,46.6
2018-01-17,42
2018-01-18,36.4
2018-01-19,30.7
2018-01-20,27.6
2018-01-21,25.7
2018-01-22,24.5
2018-01-23,58.3
2018-01-24,70.7
2018-01-25,42.7
2018-01-26,33.6
2018-01-27,29.9
2018-01-28,31.3
2018-01-29,29.4
2018-01-30,27.1
2018-01-31,24.6
2018-02-01,23.9
2018-02-02,27.2
2018-02-03,23.6
2018-02-04,22.5
2018-02-05,53
2018-02-06,35.6
2018-02-07,30.2
2018-02-08,39
2018-02-09,29.6
2018-02-10,27.2
2018-02-11,50.2
2018-02-12,70.2
2018-02-13,44.8
2018-02-14,37.7
2018-02-15,37.1
2018-02-16,37.2
2018-02-17,33
2018-02-18,33.2
2018-02-19,32.8
2018-02-20,43.6
2018-02-21,36.2
2018-02-22,32
2018-02-23,30.5
2018-02-24,32.9
2018-02-25,44.8
2018-02-26,47.3
2018-02-27,35.4
2018-02-28,31.3
2018-03-01,29
2018-03-02,91
2018-03-03,112
2018-03-04,61.1
2018-03-05,51.6
2018-03-06,45.8
2018-03-07,45.9
2018-03-08,64.8
2018-03-09,53.3
2018-03-10,46.1
2018-03-11,42.8
2018-03-12,40.5
2018-03-13,43.2
2018-03-14,42.9
2018-03-15,40.7
2018-03-16,39
2018-03-17,35.8
2018-03-18,33.5
2018-03-19,31.1
2018-03-20,29.6
2018-03-21,28.9
2018-03-22,30.6
2018-03-23,30.8
2018-03-24,29.9
2018-03-25,28.4
2018-03-26,26.2
2018-03-27,25
2018-03-28,24.3
2018-03-29,23.2
2018-03-30,22.7
2018-03-31,21.4
2018-04-01,20.3
2018-04-02,21.3
2018-04-03,24.2
2018-04-04,29.4
2018-04-05,25.9
2018-04-06,23.7
2018-04-07,25.5
2018-04-08,22
2018-04-09,20.6
2018-04-10,19.8
2018-04-11,19.2
2018-04-12,18.8
2018-04-13,18.5
2018-04-14,17.8
2018-04-15,15.9
2018-04-16,49.3
2018-04-17,54.7
2018-04-18,32.3
2018-04-19,35.6
2018-04-20,33.8
2018-04-21,27.9
2018-04-22,25.4
2018-04-23,23.6
2018-04-24,22.5
2018-04-25,36.8
2018-04-26,69.9
2018-04-27,45.3
2018-04-28,47.1
2018-04-29,36.5
2018-04-30,32.1
2018-05-01,29.6
2018-05-02,27.2
2018-05-03,25.6
2018-05-04,24.7
2018-05-05,23.1
2018-05-06,22.3
2018-05-07,22.5
2018-05-08,19.8
2018-05-09,18.4
2018-05-10,17.3
2018-05-11,16.4
2018-05-12,15.5
2018-05-13,16.1
2018-05-14,15.9
2018-05-15,18.3
2018-05-16,23.8
2018-05-17,22.3
2018-05-18,22.1
2018-05-19,38.2
2018-05-20,47.5
2018-05-21,44.4
2018-05-22,31.2
2018-05-23,28.9
2018-05-24,23.4
2018-05-25,20.1
2018-05-26,17.9
2018-05-27,17.2
2018-05-28,17.9
2018-05-29,15.8
2018-05-30,12.9
2018-05-31,11.5
2018-06-01,12
2018-06-02,12.3
2018-06-03,10.4
2018-06-04,12.3
2018-06-05,11.9
2018-06-06,10.7
2018-06-07,10.2
2018-06-08,9.75
2018-06-09,8.73
2018-06-10,7.85
2018-06-11,7.45
2018-06-12,7.41
2018-06-13,7.46
2018-06-14,7.57
2018-06-15,7.58
2018-06-16,7.82
2018-06-17,6.6
2018-06-18,6.22
2018-06-19,6.37
2018-06-20,5.81
2018-06-21,5.81
2018-06-22,5.6
2018-06-23,5.58
2018-06-24,6.17
2018-06-25,6.93
2018-06-26,5.72
2018-06-27,5.54
2018-06-28,25.7
2018-06-29,27.5
2018-06-30,12.7
2018-07-01,8.97
2018-07-02,6.25
2018-07-03,4.94
2018-07-04,4.25
2018-07-05,7.77
2018-07-06,15.4
2018-07-07,12.8
2018-07-08,10.1
2018-07-09,8.03
2018-07-10,6.14
2018-07-11,3.98
2018-07-12,2.77
2018-07-13,2.45
2018-07-14,2.33
2018-07-15,2.37
2018-07-16,2.31
2018-07-17,3.66
2018-07-18,4.74
2018-07-19,2.87
2018-07-20,2.56
2018-07-21,2.26
2018-07-22,3.47
2018-07-23,3.29
2018-07-24,2.77
2018-07-25,2.7
2018-07-26,4.53
2018-07-27,3.33
2018-07-28,2.99
2018-07-29,2.7
2018-07-30,2.38
2018-07-31,2.28
2018-08-01,2.33
2018-08-02,4.74
2018-08-03,7.03
2018-08-04,20.2
2018-08-05,15
2018-08-06,4.95
2018-08-07,3.61
2018-08-08,3.22
2018-08-09,2.99
2018-08-10,2.67
2018-08-11,2.77
2018-08-12,2.85
2018-08-13,4.43
2018-08-14,4.5
2018-08-15,3.32
2018-08-16,2.87
2018-08-17,2.62
2018-08-18,3.33
2018-08-19,3.64
2018-08-20,2.81
2018-08-21,2.57
2018-08-22,6.94
2018-08-23,10.3
2018-08-24,4.98
2018-08-25,3.15
2018-08-26,2.96
2018-08-27,2.9
2018-08-28,2.66
2018-08-29,2.44
2018-08-30,2.32
2018-08-31,2.08
2018-09-01,2.01
2018-09-02,1.99
2018-09-03,1.96
2018-09-04,2
2018-09-05,1.87
2018-09-06,1.97
2018-09-07,2.29
2018-09-08,2.18
2018-09-09,2.1
2018-09-10,3.23
2018-09-11,7.08
2018-09-12,6.09
2018-09-13,17.7
2018-09-14,10.8
2018-09-15,7.99
2018-09-16,6.59
2018-09-17,5.16
2018-09-18,6.1
2018-09-19,6.42
2018-09-20,4.86
2018-09-21,4.05
2018-09-22,3.74
2018-09-23,3.32
2018-09-24,3.16
2018-09-25,12.8
2018-09-26,85.3
2018-09-27,42
2018-09-28,53.5
2018-09-29,40.3
2018-09-30,29.3
2018-10-01,23.2
2018-10-02,20.8
2018-10-03,37.3
2018-10-04,23.2
2018-10-05,14.3
2018-10-06,7.87
2018-10-07,7.92
2018-10-08,7.54
2018-10-09,7.56
2018-10-10,7.63
2018-10-11,13.8
2018-10-12,46.6
2018-10-13,28.5
2018-10-14,17.2
2018-10-15,14.7
2018-10-16,21.3
2018-10-17,33.5
2018-10-18,28.3
2018-10-19,23.3
2018-10-20,20
2018-10-21,17.7
2018-10-22,14.2
2018-10-23,12.6
2018-10-24,12.4
2018-10-25,10.8
2018-10-26,9.71
2018-10-27,24.6
2018-10-28,32.8
2018-10-29,21.7
2018-10-30,17.5
2018-10-31,13.8
2018-11-01,12.6
2018-11-02,14.6
2018-11-03,62.6
2018-11-04,39.7
2018-11-05,34.6
2018-11-06,40.6
2018-11-07,59.8
2018-11-08,39.9
2018-11-09,36.9
2018-11-10,96.5
2018-11-11,57.4
2018-11-12,47.6
2018-11-13,104
2018-11-14,80.1
2018-11-15,56
2018-11-16,74.3
2018-11-17,69.3
2018-11-18,57.3
2018-11-19,53
2018-11-20,53.3
2018-11-21,49.1
2018-11-22,42.9
2018-11-23,38.3
2018-11-24,37.3
2018-11-25,70.4
2018-11-26,56.3
2018-11-27,88.5
2018-11-28,58.6
2018-11-29,48.5
2018-11-30,43.9
2018-12-01,40.9
2018-12-02,49.7
2018-12-03,54.9
2018-12-04,43.7
2018-12-05,38.5
2018-12-06,35.6
2018-12-07,33.6
2018-12-08,30.9
2018-12-09,28.9
2018-12-10,27.7
2018-12-11,26.1
2018-12-12,25.4
2018-12-13,23.9
2018-12-14,23.3
2018-12-15,24.3
2018-12-16,26.7
2018-12-17,42.8
2018-12-18,32.4
2018-12-19,26.7
2018-12-20,24.9
2018-12-21,47.1
2018-12-22,77.5
2018-12-23,46.8
2018-12-24,39.5
2018-12-25,36.8
2018-12-26,34.1
2018-12-27,31.9
2018-12-28,46.1
2018-12-29,70.7
2018-12-30,46.8
2018-12-31,40.9
2019-01-01,66.6
2019-01-02,49.4
2019-01-03,40.9
2019-01-04,37.2
2019-01-05,44.3
2019-01-06,58.9
2019-01-07,42.3
2019-01-08,37.3
2019-01-09,40.6
2019-01-10,36.8
2019-01-11,28.1
2019-01-12,29.7
2019-01-13,27.7
2019-01-14,26.4
2019-01-15,24.8
2019-01-16,23.7
2019-01-17,22.6
2019-01-18,22
2019-01-19,21.9
2019-01-20,59.1
2019-01-21,64.6
2019-01-22,44
2019-01-23,32.5
2019-01-24,118
2019-01-25,111
2019-01-26,58
2019-01-27,48.8
2019-01-28,44.6
2019-01-29,40
2019-01-30,44.6
2019-01-31,36.9
2019-02-01,31.4
2019-02-02,29
2019-02-03,28.2
2019-02-04,28.1
2019-02-05,28.2
2019-02-06,27.5
2019-02-07,33.3
2019-02-08,34
2019-02-09,30.2
2019-02-10,26.2
2019-02-11,24.9
2019-02-12,23.8
2019-02-13,33.3
2019-02-14,31.9
2019-02-15,29.1
2019-02-16,32.2
2019-02-17,27.3
2019-02-18,25.8
2019-02-19,23.9
2019-02-20,22.1
2019-02-21,25
2019-02-22,26.6
2019-02-23,25.3
2019-02-24,37.4
2019-02-25,42.9
2019-02-26,28.2
2019-02-27,26.8
2019-02-28,25.3
2019-03-01,23.6
2019-03-02,23.6
2019-03-03,21.8
2019-03-04,24.2
2019-03-05,24.8
2019-03-06,22.6
2019-03-07,20.4
2019-03-08,20.2
2019-03-09,20.2
2019-03-10,24.3
2019-03-11,32
2019-03-12,31.9
2019-03-13,28
2019-03-14,29.3
2019-03-15,41
2019-03-16,43.8
2019-03-17,34.2
2019-03-18,29.3
2019-03-19,26.8
2019-03-20,25.2
2019-03-21,24.4
2019-03-22,50.3
2019-03-23,46.6
2019-03-24,37.6
2019-03-25,32.7
2019-03-26,29.6
2019-03-27,27.3
2019-03-28,25.8
2019-03-29,25.2
2019-03-30,24.5
2019-03-31,24.8
2019-04-01,25.1
2019-04-02,22.9
2019-04-03,31.6
2019-04-04,26.9
2019-04-05,24
2019-04-06,26.6
2019-04-07,24
2019-04-08,31.8
2019-04-09,30.9
2019-04-10,29.2
2019-04-11,25.4
2019-04-12,23.4
2019-04-13,44.1
2019-04-14,38.9
2019-04-15,47.3
2019-04-16,40.9
2019-04-17,32.9
2019-04-18,29.5
2019-04-19,28.7
2019-04-20,37.9
2019-04-21,54.9
2019-04-22,42
2019-04-23,54.2
2019-04-24,44.5
2019-04-25,37.9
2019-04-26,40.4
2019-04-27,95
2019-04-28,53
2019-04-29,43.8
2019-04-30,41.9
2019-05-01,38
2019-05-02,35.5
2019-05-03,34
2019-05-04,36.6
2019-05-05,38.1
2019-05-06,47.3
2019-05-07,36.1
2019-05-08,31.7
2019-05-09,28.7
2019-05-10,27
2019-05-11,26
2019-05-12,29.5
2019-05-13,38.9
2019-05-14,45.6
2019-05-15,34.1
2019-05-16,29.9
2019-05-17,27.4
2019-05-18,25.6
2019-05-19,23.8
2019-05-20,24.4
2019-05-21,24.5
2019-05-22,21.4
2019-05-23,20.2
2019-05-24,20.7
2019-05-25,18.8
2019-05-26,18
2019-05-27,16.7
2019-05-28,15.6
2019-05-29,18.2
2019-05-30,25.6
2019-05-31,21.9
2019-06-01,17.8
2019-06-02,16
2019-06-03,16.3
2019-06-04,14.3
2019-06-05,13.8
2019-06-06,14.3
2019-06-07,13.2
2019-06-08,11.3
2019-06-09,10.2
2019-06-10,12.4
2019-06-11,55.9
2019-06-12,25.6
2019-06-13,41.7
2019-06-14,43.8
2019-06-15,30.2
2019-06-16,25.2
2019-06-17,22
2019-06-18,21
2019-06-19,24.2
2019-06-20,24
2019-06-21,24
2019-06-22,19.9
2019-06-23,16.1
2019-06-24,14
2019-06-25,15.1
2019-06-26,17.8
2019-06-27,13.5
2019-06-28,11.6
2019-06-29,10.8
2019-06-30,11.2
2019-07-01,10.5
2019-07-02,9.44
2019-07-03,8.95
2019-07-04,8.44
2019-07-05,8.37
2019-07-06,8.42
2019-07-07,8.4
2019-07-08,7.64
2019-07-09,7.25
2019-07-10,7.01
2019-07-11,6.83
2019-07-12,23.6
2019-07-13,22.2
2019-07-14,17.4
2019-07-15,12.5
2019-07-16,9.5
2019-07-17,8.73
2019-07-18,12.4
2019-07-19,11.5
2019-07-20,8.71
2019-07-21,7.87
2019-07-22,10.4
2019-07-23,39.4
2019-07-24,21.5
2019-07-25,11.8
2019-07-26,9.6
2019-07-27,13.7
2019-07-28,11.8
2019-07-29,9.56
2019-07-30,8.57
2019-07-31,11.2
2019-08-01,7.48
2019-08-02,6.2
2019-08-03,6.12
2019-08-04,5.67
2019-08-05,4.44
2019-08-06,3.57
2019-08-07,4.31
2019-08-08,6.98
2019-08-09,5.06
2019-08-10,5.17
2019-08-11,4.1
2019-08-12,3.71
2019-08-13,4
2019-08-14,4.28
2019-08-15,3.74
2019-08-16,3.3
2019-08-17,3.33
2019-08-18,3.44
2019-08-19,6.52
2019-08-20,13.8
2019-08-21,9.61
2019-08-22,8.46
2019-08-23,7.58
2019-08-24,6.31
2019-08-25,5
2019-08-26,4.25
2019-08-27,3.76
2019-08-28,4.92
2019-08-29,8.82
2019-08-30,5.39
2019-08-31,4.53
2019-09-01,4.02
2019-09-02,3.73
2019-09-03,3.7
2019-09-04,3.43
2019-09-05,3.21
2019-09-06,2.83
2019-09-07,2.86
2019-09-08,2.73
2019-09-09,2.6
2019-09-10,2.58
2019-09-11,2.6
2019-09-12,3.44
2019-09-13,3.21
2019-09-14,2.77
2019-09-15,3.39
2019-09-16,3.52
2019-09-17,5.76
2019-09-18,4.96
2019-09-19,4.09
2019-09-20,3.54
2019-09-21,2.99
2019-09-22,2.71
2019-09-23,2.66
2019-09-24,4.09
2019-09-25,2.92
2019-09-26,3.05
2019-09-27,4.12
2019-09-28,3.07
2019-09-29,2.82
2019-09-30,2.56
2019-10-01,2.52
2019-10-02,2.78
2019-10-03,2.96
2019-10-04,3.2
2019-10-05,2.76
2019-10-06,2.75
2019-10-07,2.95
2019-10-08,2.79
2019-10-09,6.74
2019-10-10,8.03
2019-10-11,5.38
2019-10-12,4.88
2019-10-13,4.09
2019-10-14,3.77
2019-10-15,3.59
2019-10-16,5.42
2019-10-17,52.3
2019-10-18,13.7
2019-10-19,9.51
2019-10-20,8.45
2019-10-21,8.03
2019-10-22,7.66
2019-10-23,10.4
2019-10-24,8.58
2019-10-25,7.75
2019-10-26,7.5
2019-10-27,14.6
2019-10-28,21.7
2019-10-29,11.6
2019-10-30,10.2
2019-10-31,12.4
2019-11-01,13.2
2019-11-02,11.2
2019-11-03,10.2
2019-11-04,9.79
2019-11-05,12.1
2019-11-06,15.1
2019-11-07,12.5
2019-11-08,12.3
2019-11-09,10.8
2019-11-10,10.3
2019-11-11,10
2019-11-12,10.1
2019-11-13,9.75
2019-11-14,9.42
2019-11-15,13.3
2019-11-16,28
2019-11-17,23.6
2019-11-18,19.4
2019-11-19,17
2019-11-20,14.1
2019-11-21,12
2019-11-22,11.5
2019-11-23,11.3
2019-11-24,20.4
2019-11-25,26
2019-11-26,16.6
2019-11-27,14.2
2019-11-28,14.8
2019-11-29,13
2019-11-30,12.1
2019-12-01,12
2019-12-02,24.3
2019-12-03,21.9
2019-12-04,16.7
2019-12-05,15.2
2019-12-06,14.3
2019-12-07,14.2
2019-12-08,13.2
2019-12-09,29.4
2019-12-10,75
2019-12-11,39.4
2019-12-12,28.6
2019-12-13,24.4
2019-12-14,94.5
2019-12-15,56.5
2019-12-16,37.7
2019-12-17,36.1
2019-12-18,38.6
2019-12-19,31.8
2019-12-20,28.7
2019-12-21,27.5
2019-12-22,27.2
2019-12-23,27.1
2019-12-24,26.9
2019-12-25,25.6
2019-12-26,25.4
2019-12-27,31.9
2019-12-28,29.4
2019-12-29,26.2
2019-12-30,49.1
2019-12-31,61.3
2020-01-01,41.4
2020-01-02,33.7
2020-01-03,30.5
2020-01-04,29.4
2020-01-05,29.5
2020-01-06,26.1
2020-01-07,24.1
2020-01-08,23.3
2020-01-09,20.6
2020-01-10,20.8
2020-01-11,21.1
2020-01-12,23.2
2020-01-13,21.8
2020-01-14,20.2
2020-01-15,19.6
2020-01-16,19.5
2020-01-17,18.3
2020-01-18,16.8
2020-01-19,18.3
2020-01-20,17.6
2020-01-21,16.6
2020-01-22,16.2
2020-01-23,15.5
2020-01-24,15.8
2020-01-25,19.5
2020-01-26,43.5
2020-01-27,28.4
2020-01-28,23.9
2020-01-29,21.4
2020-01-30,19.3
2020-01-31,18.2
2020-02-01,18.4
2020-02-02,18.1
2020-02-03,17.3
2020-02-04,16.7
2020-02-05,17.2
2020-02-06,20.4
2020-02-07,25.5
2020-02-08,23.6
2020-02-09,19.7
2020-02-10,19.5
2020-02-11,22.8
2020-02-12,23.5
2020-02-13,32.8
2020-02-14,31.2
2020-02-15,23.4
2020-02-16,21.7
2020-02-17,20.8
2020-02-18,19.9
2020-02-19,20.4
2020-02-20,18.8
2020-02-21,17.7
2020-02-22,17.3
2020-02-23,17.6
2020-02-24,17.3
2020-02-25,17.1
2020-02-26,17.3
2020-02-27,28.8
2020-02-28,23.5
2020-02-29,19.8
2020-03-01,18.3
2020-03-02,17.8
2020-03-03,18.4
2020-03-04,21.4
2020-03-05,18.7
2020-03-06,17.5
2020-03-07,17.4
2020-03-08,16.4
2020-03-09,16
2020-03-10,16.6
2020-03-11,16.8
2020-03-12,15.8
2020-03-13,19.9
2020-03-14,19.2
2020-03-15,16.5
2020-03-16,15.2
2020-03-17,16.4
2020-03-18,16.2
2020-03-19,27.1
2020-03-20,24.1
2020-03-21,20.2
2020-03-22,18
2020-03-23,22.2
2020-03-24,58.7
2020-03-25,29.9
2020-03-26,24.7
2020-03-27,22.5
2020-03-28,21
2020-03-29,38
2020-03-30,35.7
2020-03-31,27.2
2020-04-01,25.7
2020-04-02,24.5
2020-04-03,26.6
2020-04-04,25.8
2020-04-05,23.4
2020-04-06,22.2
2020-04-07,21
2020-04-08,20.7
2020-04-09,30
2020-04-10,35
2020-04-11,23.8
2020-04-12,21.6
2020-04-13,66.1
2020-04-14,81.2
2020-04-15,40.6
2020-04-16,32.8
2020-04-17,28.4
2020-04-18,38.3
2020-04-19,34.3
2020-04-20,31.3
2020-04-21,47.7
2020-04-22,48.5
2020-04-23,38.6
2020-04-24,38.7
2020-04-25,35.7
2020-04-26,31.3
2020-04-27,34.7
2020-04-28,31
2020-04-29,26.4
2020-04-30,29.3
2020-05-01,50.5
2020-05-02,37.8
2020-05-03,30.4
2020-05-04,26.9
2020-05-05,24
2020-05-06,22.4
2020-05-07,24
2020-05-08,21.8
2020-05-09,30.4
2020-05-10,23.7
2020-05-11,21.3
2020-05-12,20
2020-05-13,18.5
2020-05-14,17.5
2020-05-15,19.7
2020-05-16,23.6
2020-05-17,19.3
2020-05-18,17.7
2020-05-19,16.6
2020-05-20,15.6
2020-05-21,14.8
2020-05-22,14.5
2020-05-23,17.2
2020-05-24,19
2020-05-25,16
2020-05-26,14.9
2020-05-27,14
2020-05-28,13.5
2020-05-29,15.3
2020-05-30,14.3
2020-05-31,12.6
2020-06-01,11.6
2020-06-02,11.2
2020-06-03,11
2020-06-04,10.6
2020-06-05,10.5
2020-06-06,12
2020-06-07,12.5
2020-06-08,10.7
2020-06-09,9.78
2020-06-10,9.07
2020-06-11,10.7
2020-06-12,12.5
2020-06-13,9.91
2020-06-14,7.85
2020-06-15,7.07
2020-06-16,6.82
2020-06-17,6.42
2020-06-18,6.13
2020-06-19,5.74
2020-06-20,5.47
2020-06-21,5.64
2020-06-22,5.3
2020-06-23,4.95
2020-06-24,4.89
2020-06-25,4.46
2020-06-26,4.33
2020-06-27,5.58
2020-06-28,6.73
2020-06-29,5.63
2020-06-30,5.35
2020-07-01,5.38
2020-07-02,5.57
2020-07-03,6.14
2020-07-04,5.54
2020-07-05,5.07
2020-07-06,4.78
2020-07-07,4.53
2020-07-08,4.56
2020-07-09,4.47
2020-07-10,4.38
2020-07-11,4.78
2020-07-12,4.33
2020-07-13,3.88
2020-07-14,3.71
2020-07-15,3.67
2020-07-16,3.59
2020-07-17,6.54
2020-07-18,11.9
2020-07-19,9.46
2020-07-20,7.72
2020-07-21,5.75
2020-07-22,5.2
2020-07-23,4.55
2020-07-24,3.87
2020-07-25,3.3
2020-07-26,2.88
2020-07-27,2.27
2020-07-28,1.97
2020-07-29,1.64
2020-07-30,1.47
2020-07-31,1.55
2020-08-01,1.49
2020-08-02,1.46
2020-08-03,1.5
2020-08-04,1.8
2020-08-05,2.2
2020-08-06,1.52
2020-08-07,1.35
2020-08-08,1.32
2020-08-09,1.3
2020-08-10,1.29
2020-08-11,1.21
2020-08-12,1.16
2020-08-13,1.92
2020-08-14,1.46
2020-08-15,1.24
2020-08-16,1.82
2020-08-17,2.4
2020-08-18,1.88
2020-08-19,1.57
2020-08-20,1.48
2020-08-21,1.33
2020-08-22,1.24
2020-08-23,1.15
2020-08-24,1.23
2020-08-25,1.39
2020-08-26,1.19
2020-08-27,1.16
2020-08-28,1.48
2020-08-29,1.42
2020-08-30,1.4
2020-08-31,1.07
2020-09-01,1.04
2020-09-02,1.65
2020-09-03,1.79
2020-09-04,1.74
2020-09-05,1.2
2020-09-06,1.13
2020-09-07,1.09
2020-09-08,1.02
2020-09-09,1.05
2020-09-10,1.17
2020-09-11,1.3
2020-09-12,1.07
2020-09-13,1.05
2020-09-14,1.01
2020-09-15,0.86
2020-09-16,0.87
2020-09-17,0.91
2020-09-18,0.88
2020-09-19,0.72
2020-09-20,0.71
2020-09-21,0.74
2020-09-22,0.79
2020-09-23,0.75
2020-09-24,0.76
2020-09-25,0.76
2020-09-26,0.81
2020-09-27,0.88
2020-09-28,1.18
2020-09-29,1.15
2020-09-30,2.42
2020-10-01,1.62
2020-10-02,1.32
2020-10-03,1.34
2020-10-04,1.31
2020-10-05,2.16
2020-10-06,1.87
2020-10-07,1.58
2020-10-08,1.36
2020-10-09,1.16
2020-10-10,1.19
2020-10-11,1.37
2020-10-12,1.28
2020-10-13,3.98
2020-10-14,3.58
2020-10-15,2.01
2020-10-16,2.28
2020-10-17,13.4
2020-10-18,4.43
2020-10-19,2.98
2020-10-20,3.17
2020-10-21,3.03
2020-10-22,2.62
2020-10-23,2.42
2020-10-24,2.35
2020-10-25,2.21
2020-10-26,2.25
2020-10-27,2.3
2020-10-28,2.59
2020-10-29,6.29
2020-10-30,11.6
2020-10-31,5.98
2020-11-01,6.31
2020-11-02,12.2
2020-11-03,4.98
2020-11-04,4.02
2020-11-05,3.93
2020-11-06,3.77
2020-11-07,3.55
2020-11-08,3.36
2020-11-09,3.23
2020-11-10,3.19
2020-11-11,3.49
2020-11-12,5.86
2020-11-13,13.7
2020-11-14,11.5
2020-11-15,9.8
2020-11-16,10.9
2020-11-17,7.83
2020-11-18,6.5
2020-11-19,5.65
2020-11-20,5.27
2020-11-21,5.36
2020-11-22,4.63
2020-11-23,21.1
2020-11-24,15.8
2020-11-25,8.96
2020-11-26,11.4
2020-11-27,10.8
2020-11-28,8.14
2020-11-29,7.1
2020-11-30,17.3
2020-12-01,70.1
2020-12-02,22.5
2020-12-03,15.7
2020-12-04,13.3
2020-12-05,50.6
2020-12-06,63.3
2020-12-07,28.1
2020-12-08,21.5
2020-12-09,18.1
2020-12-10,16.3
2020-12-11,15
2020-12-12,17.8
2020-12-13,22.2
2020-12-14,17.1
2020-12-15,16.1
2020-12-16,13.7
2020-12-17,14.5
2020-12-18,13.6
2020-12-19,12.4
2020-12-20,12
2020-12-21,12.1
2020-12-22,12.1
2020-12-23,11.6
2020-12-24,14.2
2020-12-25,131
2020-12-26,80.5
2020-12-27,47
2020-12-28,39.8
2020-12-29,35.7
2020-12-30,31.7
2020-12-31,33.8
